index,pred
5488,0
8265,0
26508,0
3772,4
16762,0
31183,0
19974,4
9027,4
15004,0
29561,0
26460,4
30659,0
22352,0
1447,4
1015,4
7356,0
21884,0
16305,4
3806,4
9844,0
23008,0
11926,4
706,0
30626,4
17402,0
11505,4
16636,4
80,4
20013,4
18332,0
10314,0
6097,4
26749,0
11332,0
20749,0
17294,0
2605,4
16459,4
22975,0
11634,4
27813,4
13512,4
5438,4
21541,4
23320,0
29541,0
14364,0
16432,4
16602,4
29307,0
22273,0
21452,0
9074,0
30572,4
176,0
14406,0
17561,0
13575,4
20318,0
4159,0
31017,0
1341,4
4208,4
11343,0
18003,0
9588,4
9789,4
30069,0
5836,4
22075,0
24534,0
24238,0
4963,0
18047,0
19617,4
8465,0
5265,0
28416,4
28514,0
16710,4
3984,0
2903,4
7030,4
19436,4
5121,0
31129,0
14893,0
31347,4
3304,0
18608,0
23719,0
20566,0
20004,4
22086,0
12318,4
1723,0
881,0
31202,0
12658,4
19029,4
30235,4
2114,4
4059,4
25995,4
30789,0
5515,4
15265,0
1762,4
22037,0
5986,4
4967,0
27229,0
29819,0
6184,0
6346,4
27208,0
4392,0
18294,4
13428,4
30223,0
9703,4
1581,4
25061,4
20005,4
9367,0
5609,4
725,4
10682,0
29856,4
27065,4
13811,0
12263,0
25325,4
27163,0
17752,4
13442,0
20954,0
9456,0
22692,0
6305,0
11065,4
14635,0
23783,0
4763,0
66,0
23395,4
23429,0
6317,4
25692,4
31256,0
3086,4
1331,0
11966,0
24878,0
17659,4
20770,4
17356,4
19801,0
2355,4
21617,0
23195,0
24440,0
5646,4
3446,4
15811,0
28713,0
22065,0
28594,0
869,4
11275,4
15246,0
29117,4
29683,4
2107,4
8225,4
20375,0
22344,0
22593,0
21734,0
20583,0
10400,0
21787,0
16262,0
1700,4
9055,0
11422,0
5037,4
14724,0
28933,0
15386,0
18271,4
27067,4
5673,4
24447,0
17101,4
643,4
6554,4
28562,0
11284,4
23690,4
29163,4
20964,0
16246,4
8429,0
1554,4
8902,4
7233,4
9471,4
16279,4
17343,0
15677,0
26063,4
22363,0
3208,0
18425,0
29000,0
4058,0
5706,4
22022,4
28002,0
24037,4
31460,0
13472,0
21507,0
26495,4
3983,0
15725,0
9001,0
6364,0
17067,0
19513,4
8811,4
8516,0
27261,0
14308,0
14414,0
22223,0
8608,0
24748,0
11941,0
17130,4
20733,0
14756,0
9918,4
20473,0
13304,0
18528,4
21210,0
2764,4
30310,4
4076,0
19994,4
17113,4
23256,0
31289,4
23399,0
16734,4
21890,4
11515,0
28792,4
30236,4
20763,4
25265,0
2768,4
31109,0
5705,0
10010,4
26090,4
18298,0
13833,0
8756,4
9736,0
29913,0
2164,4
22192,0
12643,4
6070,0
3946,4
5361,4
9129,0
8237,0
6339,4
26722,4
10865,0
26464,0
3266,4
7763,0
24484,0
28126,4
16394,4
30669,0
26449,4
14964,0
24935,0
7519,0
12198,0
19591,4
20497,0
25614,4
8531,0
2675,4
20278,0
13921,0
11600,4
16316,0
27816,0
30015,4
29754,4
30615,0
10539,0
1448,0
16758,4
4993,0
17142,4
11147,0
27108,4
20850,4
17770,4
21932,4
10765,0
17673,0
930,4
13118,4
30557,4
20845,4
15774,0
28189,0
20794,4
15173,4
22115,0
10189,0
22276,0
2616,4
5582,0
12121,4
15302,0
15391,4
5339,4
14267,0
22977,4
15784,0
16085,0
20043,4
1481,4
17463,0
2395,4
11342,4
12740,4
21588,4
15274,4
29109,4
6380,0
25118,0
27768,4
23624,0
21143,0
26594,4
30150,4
17748,0
12314,4
20359,4
6883,0
10909,0
22541,0
5205,4
2485,4
23680,0
29778,0
26405,4
26961,4
25534,4
40,0
20152,4
25320,0
4719,0
12641,4
273,0
15750,0
6397,0
21153,0
31118,0
14104,0
15278,4
14579,0
19245,0
19331,4
18826,0
20185,4
13465,0
7096,4
2413,4
28107,4
29952,0
29116,4
5180,4
9963,0
14206,0
29354,0
28538,0
28965,0
21513,4
3457,4
17593,0
26752,0
8760,4
18213,4
16974,4
24805,0
8216,4
6405,4
18629,0
8951,0
3151,4
10727,0
21972,0
2648,4
27764,0
29687,4
11161,0
27399,0
6776,4
4022,4
15102,0
30315,4
31255,4
9583,4
15213,0
8431,0
23466,0
703,4
21539,0
13078,4
5498,0
8159,0
4,0
16357,4
2556,4
4586,4
18751,0
18813,0
21748,0
30479,4
12378,4
1218,0
24882,0
22458,0
17185,0
15840,4
21482,4
25098,0
30533,4
22292,0
26526,4
27284,0
24434,0
10770,0
949,4
18894,0
19748,4
9429,4
22542,4
26133,0
2820,4
6245,4
344,0
24467,0
11538,4
20235,4
14228,0
20866,0
30856,0
5710,4
28939,0
25327,0
27104,4
26767,0
156,0
3954,0
26393,0
24499,0
8363,0
5202,0
19551,0
1020,4
12185,4
3506,0
173,0
1801,4
7215,4
6078,0
23288,0
2807,4
23834,0
22082,0
7372,0
5268,4
2224,0
12857,4
10969,0
7501,4
23147,0
21341,0
31375,0
8008,0
7160,4
15505,0
11660,0
21892,0
29584,0
11179,0
19088,4
29811,0
24823,0
4492,0
2694,0
3485,4
1253,4
1842,0
26469,0
20602,4
3811,4
14346,0
27844,0
9428,0
6813,4
21818,4
26305,0
15684,0
20723,0
23523,0
24772,0
13214,4
12042,4
28250,0
21779,0
10783,0
8989,0
18504,0
24835,0
8184,4
21328,4
6010,4
9877,0
23150,0
25481,4
1869,4
6076,4
12234,4
19678,4
25545,4
711,4
29551,4
12375,4
29959,4
22287,0
26993,4
17590,0
11724,0
28529,4
1029,4
2348,0
29609,4
9316,4
7830,0
497,4
6902,4
3912,4
2739,4
5138,0
25368,4
30307,4
22189,0
18966,0
5480,0
19053,0
3279,0
27797,0
29633,4
5781,0
29318,4
4147,0
904,0
10875,0
31399,0
12113,0
13531,0
30395,4
24155,0
20158,4
28495,4
7685,0
1566,4
1638,0
7363,0
3931,4
27874,0
16663,4
18754,4
4885,0
10592,4
20603,0
875,0
24255,0
7069,4
29254,0
14365,0
22470,0
5112,4
12257,4
26928,4
3174,0
6034,0
27,0
7806,4
12228,4
2847,4
19658,4
19479,0
17287,4
20820,0
30978,0
25738,4
15236,0
15795,0
10814,0
28177,0
22693,4
18603,0
17219,0
16726,4
19271,0
10212,0
30534,4
5289,0
6616,4
7999,4
30436,0
24626,4
5052,4
6624,0
2009,0
30402,4
20757,0
28781,0
10082,4
29187,4
5682,4
9663,4
15861,0
6784,4
3573,0
26678,4
12034,0
2632,4
14688,0
18400,0
24502,0
28684,4
28367,4
7855,0
4115,4
17253,0
11352,0
25897,0
24685,4
23019,4
17048,4
9642,4
11245,4
3062,4
21727,0
5341,4
28617,0
17895,4
20353,0
22108,0
19871,0
19944,0
30815,0
13033,4
30689,0
9875,0
28043,0
12487,4
25437,0
22499,0
8613,0
14642,0
25369,0
13892,0
961,4
5390,4
23566,0
1923,0
2254,4
18857,4
23886,0
27518,0
15948,0
18127,0
23366,0
24971,0
24099,4
24516,4
6658,4
11893,4
7878,0
3448,0
30655,0
768,4
101,0
28153,0
18686,0
12402,4
13769,0
24090,0
18806,0
12580,4
4469,4
10876,0
13800,4
25898,0
10367,0
22345,0
30862,0
8391,4
3617,4
30955,0
16557,0
13803,0
14197,0
26848,4
18470,0
21895,0
7653,0
805,4
11024,0
21691,0
29019,4
2520,4
1165,0
22166,0
16364,0
30621,0
4078,0
4209,0
14889,0
19051,0
2497,0
5528,4
4326,4
10590,0
25709,4
17453,0
22789,0
27713,4
1737,4
7318,0
12831,4
16055,4
9782,0
10441,0
2272,4
939,4
22830,0
10533,0
21672,4
30516,4
25981,4
1169,4
18811,0
8304,0
8594,0
5275,4
19033,0
9535,4
25679,4
24659,0
28697,0
12636,4
9653,4
17643,0
5342,0
369,0
23770,0
15852,4
1050,4
7171,4
26276,0
11170,0
6055,0
17132,4
10745,0
12595,4
3449,4
27126,4
15995,0
11211,0
20000,0
21083,0
21960,4
15456,0
11664,0
5187,4
19456,4
9825,4
10491,0
31048,0
6914,4
6998,4
8147,0
22464,0
200,0
15062,0
4065,0
172,0
24171,4
8340,0
18922,4
27860,0
24758,0
24290,4
25473,4
14570,0
11031,4
22183,0
15731,0
13035,0
14393,0
10685,0
12788,4
4657,0
21121,0
19285,4
21110,0
26259,0
23799,0
16030,0
26042,4
5023,4
27254,0
30662,0
29726,4
16531,4
15259,0
11316,4
24355,0
14035,4
2882,4
22837,0
23849,0
24529,0
10776,0
1719,4
22446,0
10557,0
9377,4
410,0
5614,4
10604,0
2212,0
8639,0
25973,4
4071,0
5755,4
840,0
7883,0
14028,4
18061,0
9984,4
6333,4
4429,4
30786,0
21014,4
14282,0
12858,4
24729,0
14220,0
28938,0
4504,0
30802,0
26727,0
24061,0
28312,0
2542,4
22267,0
20948,0
18351,0
20721,0
18544,4
10907,4
25372,4
20622,0
15398,0
14389,0
22118,0
11818,4
7580,0
7848,0
7985,0
22412,0
23180,0
16998,4
6923,4
31346,0
8873,0
18912,0
4035,0
15551,4
18911,0
16955,4
1567,0
18620,4
19182,0
25370,4
12549,0
9201,0
21941,0
7928,0
11898,0
7733,0
21974,0
5772,4
21463,0
23186,0
4934,4
9034,0
19177,4
26532,4
21072,0
17738,0
907,0
8629,0
24848,0
15189,4
12166,4
25003,0
17291,0
26320,0
25605,4
15519,0
20521,0
5984,4
12770,4
615,4
26645,0
5372,4
23462,0
5153,4
30489,4
10437,0
19500,4
5715,0
16922,0
14241,0
16181,0
3771,4
29885,4
8950,0
3866,4
9941,0
26308,0
27686,0
12099,4
776,0
21382,0
22956,0
30221,4
16995,4
20028,4
20467,4
15046,0
18078,0
4569,0
21867,0
19052,0
29239,4
3060,4
24582,0
24707,0
22496,0
24614,4
17006,4
23424,0
8952,4
7025,0
1285,4
20823,0
25288,0
22050,0
1692,0
345,0
21082,4
14194,0
20054,4
14790,0
4182,4
9986,0
6171,0
22678,4
23094,0
26635,0
2612,0
6976,0
24732,0
23515,0
15576,0
27736,0
18441,4
5229,4
19142,0
8864,0
27090,4
5800,0
17907,0
26715,4
17221,0
8418,0
19876,4
29505,0
5459,0
3453,4
20267,4
9798,0
1879,0
23434,0
21426,0
6185,0
28305,4
20686,0
3944,4
7849,4
21777,0
25318,0
22282,0
28307,0
22048,0
11096,0
18739,0
29588,0
19738,4
10898,0
19719,4
27563,0
3886,4
10243,0
14054,0
14895,0
7669,0
30687,4
145,0
25471,4
16605,4
11908,4
5094,4
30514,4
30254,4
8357,0
24720,4
29196,0
28406,0
3855,0
11319,4
23270,0
30466,4
12161,0
15760,0
20153,4
19763,4
3949,4
2444,4
5577,0
14593,0
23938,0
2450,4
31378,0
13190,4
21706,0
28329,0
11006,0
20475,0
24117,0
5069,4
4767,4
29841,4
11271,4
19563,4
22126,0
12599,4
14569,0
26357,0
9412,0
25,0
4485,0
4841,0
25766,4
25729,4
8148,0
5561,0
17544,0
27093,4
15670,4
1572,0
10585,0
17749,4
19486,0
2174,4
13781,0
22874,0
5042,4
16259,4
2496,4
26671,4
7659,0
27956,0
25291,0
23427,0
7079,4
21906,0
1680,4
26711,0
1833,4
16132,4
14530,0
25334,0
3312,4
17191,0
24470,0
1155,4
7221,4
1701,4
25618,4
7441,4
23258,0
3706,0
5315,4
1294,4
19627,4
17557,4
27287,0
24749,0
25430,0
1332,4
25233,0
26801,4
16002,0
29058,0
3103,4
25986,0
21038,4
22617,0
19999,0
1039,0
773,0
17329,4
27968,0
9,0
24789,0
13265,0
317,0
12036,4
26912,4
25911,4
2136,4
28044,0
28612,4
516,0
7754,4
28996,0
20374,0
9515,0
21155,0
30910,0
14958,0
4822,0
12715,4
22425,0
2901,4
8036,4
13509,0
30959,0
22161,4
17741,0
3016,4
17426,0
23048,0
27745,0
5638,4
3535,4
18975,4
16483,4
3909,4
31145,0
9958,4
25036,0
29564,0
10004,0
31207,0
26708,0
23660,4
20063,4
25925,0
23196,0
11231,0
8559,0
4460,0
8705,4
14437,0
804,0
15339,4
6338,4
20649,0
17819,4
29269,0
13360,0
15592,0
15808,0
28512,0
6028,4
25332,0
18051,4
4628,4
19192,0
31156,0
10986,0
7940,0
2603,4
19840,4
20662,0
23066,0
20350,0
3780,4
24080,0
4871,4
10379,0
28526,0
27529,0
27460,4
29966,4
3741,0
22772,4
14719,0
20498,0
6850,4
30808,0
13178,4
4242,4
11206,0
30532,0
31044,0
8614,0
24743,0
6674,4
9259,4
4638,4
31065,0
20330,0
2874,4
10980,0
10848,0
1707,4
18958,0
29779,4
11612,4
1072,0
24873,0
4765,4
4427,0
14816,0
4881,4
31164,0
16370,4
21200,0
30340,4
4101,0
24070,0
17498,0
17478,0
7851,0
15184,0
4666,4
14063,4
19387,4
9359,4
25795,0
696,0
981,0
24170,0
19745,0
7604,0
420,0
27227,0
12267,4
28774,4
28824,4
7887,4
24389,0
3285,0
29650,0
30811,0
19765,0
21610,4
31027,0
7926,0
12970,4
21301,4
5604,4
11731,4
16714,4
20559,0
6581,0
13909,0
25260,0
1941,0
2806,0
7841,0
13581,0
13674,0
21701,0
2657,0
20343,0
20431,4
19837,4
23803,0
27515,0
8590,4
30949,0
25787,0
11709,4
25600,4
764,4
13287,4
13772,0
6530,0
2602,4
15517,0
21117,4
8458,0
23359,0
16255,4
30938,0
22903,0
26050,4
18017,4
4272,0
10739,0
31171,0
17615,0
21519,0
30077,0
2738,0
10790,0
14936,0
18733,0
14701,0
4449,4
4755,0
7373,4
22539,0
14847,0
4745,4
23097,0
11900,4
10085,4
27882,4
4369,4
31081,0
17029,4
10689,0
14933,0
26201,0
25038,0
19221,0
27138,4
14949,0
25979,0
9161,4
15171,0
12598,4
24885,0
9611,0
12976,4
26045,0
25107,0
29153,4
28221,0
18021,4
30652,4
5248,0
3088,0
9590,4
25436,4
18977,4
8793,0
15549,0
2796,4
6877,4
16634,4
11689,0
5286,0
8226,0
6081,4
21002,0
3097,4
26297,0
26860,4
205,0
30050,0
28727,0
3764,4
23707,0
16460,0
26149,0
4470,4
4455,4
4609,0
12279,4
3981,0
20333,4
27523,0
18798,0
22205,4
9060,0
1306,4
21451,0
18471,0
30426,4
2873,4
24344,0
29528,4
21442,0
16659,4
20061,4
7833,0
11690,0
1183,4
30922,0
9229,4
29286,0
18700,0
26639,0
28567,4
29042,4
12852,4
11523,4
8456,0
30683,0
26062,4
10938,0
25998,4
12438,0
106,0
5099,4
1755,0
20594,0
16689,0
10271,0
16579,4
27407,4
9711,4
18591,0
6876,4
19784,4
29530,4
16147,4
29769,4
14817,0
18195,4
549,0
19120,4
6297,4
13586,0
21106,0
18790,0
30763,0
6596,4
27714,4
29392,0
5697,4
28675,0
30737,0
16733,0
29767,4
29141,4
9392,4
3794,4
30993,4
27166,4
3197,0
4128,0
29031,4
21612,0
12854,4
10824,0
4234,0
8598,0
28985,0
22727,0
21982,0
10315,0
9302,4
7087,0
2089,4
26,4
4875,4
15195,4
27674,0
18651,0
14619,0
5254,4
28890,0
14748,0
25245,4
14836,0
15564,0
10696,0
16980,4
14316,0
28501,4
17068,4
14846,0
87,4
28886,0
17460,4
26407,0
27438,0
15086,0
20191,0
30874,4
8992,0
7261,4
1088,4
13236,4
17395,0
31168,0
26413,4
19329,4
14204,0
6886,0
10276,0
16667,4
10403,0
11597,4
20708,0
588,4
18171,4
12176,4
15525,4
5865,0
6202,4
18063,4
9848,0
11491,4
15544,0
17168,4
14002,4
8283,0
16116,4
29522,4
13627,0
18896,0
29917,4
28959,0
15357,0
21933,0
8723,4
17594,0
24421,0
12948,0
11078,0
25328,0
10862,0
28714,0
26373,0
25749,4
6807,0
20792,4
13415,0
6991,4
27103,4
25800,0
5866,4
31227,0
2096,4
13927,0
12188,4
718,4
23838,0
2408,4
18140,0
27840,4
3528,4
28236,0
14538,0
27966,0
14995,0
20861,0
21856,0
4636,4
28426,0
16931,0
7133,0
13429,0
29,0
12717,4
15942,4
4615,0
28901,0
5734,0
24472,0
4929,0
19374,4
3192,4
12260,4
2417,4
19130,0
27130,4
7053,0
14037,0
21869,0
30697,0
19945,0
25938,0
9917,4
10595,0
27767,0
12551,4
15927,0
2095,4
13162,4
26886,4
19214,4
12177,4
10521,0
7655,4
6730,4
10336,0
23772,0
27064,4
9753,0
19402,4
20697,4
7273,4
27918,0
12110,4
22966,0
13599,0
5022,0
21682,4
8034,0
1096,4
22848,0
10378,0
27281,0
16680,4
23142,0
9311,4
4142,4
14928,0
5989,4
3508,4
5505,0
1079,4
4343,0
24324,0
29423,4
17465,0
4312,4
5319,4
9933,4
25843,0
21523,0
3661,4
31333,0
31143,4
27779,4
3859,4
4706,0
19483,0
5688,4
21071,0
1368,4
518,0
9070,0
24696,4
5281,4
262,0
22302,0
17897,4
22482,0
6880,4
16608,4
14853,0
4145,4
18023,4
16811,4
11961,0
9718,4
30641,0
19253,4
14852,0
19545,4
27396,0
15985,4
4503,0
5131,4
10906,0
23275,4
20991,0
14302,0
20743,0
15477,0
1309,4
30133,4
23638,0
28392,4
15722,4
24660,4
10278,0
14692,0
27753,0
29012,0
20071,4
16405,4
28430,0
31186,4
20026,4
11076,0
19060,4
29689,0
29482,0
20534,0
21439,0
27890,0
11249,0
12784,4
6395,0
13217,4
27513,0
24432,0
30887,0
2474,4
25330,0
6531,4
1751,0
5220,0
29804,4
521,0
12407,4
7451,0
14276,0
17396,0
5533,4
12597,4
27457,0
27724,0
23089,4
15723,4
6974,4
21829,0
17928,0
5695,4
30152,4
7371,4
8653,4
19565,4
8729,0
28928,0
27810,0
4894,0
11104,0
28433,4
26316,4
4897,4
25104,0
16227,4
10368,0
550,0
22250,0
17861,4
1799,4
30860,0
17480,0
13713,0
4962,4
30964,4
19921,4
11014,0
28459,0
29336,4
29396,4
9213,0
10424,0
10983,0
5977,4
22207,0
21357,0
4362,0
8986,0
1609,0
15580,0
25853,0
514,0
23944,0
9824,4
12918,4
2559,0
21453,0
17403,0
2759,4
20970,0
18190,0
2629,0
14473,0
14367,0
14273,4
621,4
13249,0
18864,4
30286,4
3182,0
12844,4
16317,4
31200,4
16036,0
10497,0
14660,0
21423,0
17301,4
24538,0
2346,0
4364,4
4381,4
30008,0
20074,4
1264,0
21630,0
30562,4
6508,0
18744,0
6803,4
29568,0
19082,4
27186,0
8888,4
14734,0
880,0
18793,0
31444,0
18379,4
2977,4
29908,4
22336,4
25244,0
16839,4
6255,4
11142,0
18433,0
14801,4
12521,4
20354,0
25688,4
29426,4
20218,4
8027,4
15773,0
7578,0
10030,0
26793,4
5831,4
14245,4
23080,0
517,0
16590,4
25127,0
8734,4
20098,4
23764,0
22641,0
26566,0
2817,4
3572,0
29444,0
21283,0
12794,0
24588,0
14429,0
546,4
26792,4
26667,4
31407,4
22232,0
12300,4
10086,4
28858,0
9336,4
2147,0
16301,4
31459,0
9308,4
18658,4
24919,4
11103,0
19494,4
7778,4
30526,4
1511,4
10785,0
18010,0
30387,0
19661,4
19503,4
25132,0
10306,0
19162,4
29925,4
17284,0
3648,4
27857,0
25009,0
24186,0
21407,0
30971,0
20582,0
6558,4
28528,0
17193,4
17736,0
28634,0
3827,4
21924,0
27566,0
20038,4
1156,4
6924,0
4096,0
21876,0
12268,0
12501,4
26548,0
10774,0
28909,0
17313,4
31415,0
21410,0
25525,4
1416,4
15239,0
761,0
8633,0
23689,4
16718,4
3935,4
22833,0
7972,4
13520,0
2501,0
26036,0
3603,0
16805,4
29198,0
20554,0
23519,0
6852,4
23872,0
132,0
2737,4
11439,0
19975,0
14608,0
13697,0
9371,0
23706,0
12230,0
5980,0
23952,0
29348,4
17013,4
20860,0
22377,0
18438,4
25735,4
29323,4
22140,4
24436,0
30704,4
3397,0
24231,0
24598,4
7633,4
11378,0
17125,4
4495,4
3052,4
27098,4
30581,4
17454,4
26040,0
11813,4
15666,0
9443,0
9597,0
3327,0
29620,0
25753,0
9546,4
6568,4
26541,0
21881,0
12753,0
19320,4
5168,4
27853,0
27540,0
7144,0
7241,4
4849,4
0,4
30779,0
13017,4
8089,4
5327,0
24130,0
5456,0
25929,0
14903,0
28906,0
21897,0
8155,0
28158,0
22029,4
12072,4
21926,4
29989,0
14358,0
4468,4
19654,4
17416,0
26230,4
24521,0
18974,0
8125,4
20329,0
5679,4
19791,4
25572,0
3709,4
26281,0
303,0
21194,0
30878,4
1298,4
27662,0
15672,0
31464,0
9410,4
19927,4
28506,4
14277,0
13641,4
23777,0
2611,4
30850,0
26794,4
26331,4
9675,4
22062,0
4406,0
13451,0
25240,0
4402,4
5612,4
79,4
12875,4
10762,0
13185,4
23310,0
14486,0
16068,0
27977,0
4156,4
19350,0
10607,0
21010,0
14942,0
18479,0
18246,4
16864,4
29706,4
4299,0
13605,0
12175,0
20241,4
17649,4
19109,4
9420,0
31123,0
10548,0
16052,0
7423,4
3997,0
16941,0
20466,0
6588,4
27731,0
13677,0
24046,0
7563,0
5282,4
20480,0
2760,4
21015,0
30937,0
19640,4
25259,0
24102,0
19343,0
19502,0
27661,0
31093,0
19642,4
3488,4
27902,0
12488,0
27762,0
9380,4
7751,4
24468,0
2519,4
28948,0
23678,4
3354,0
24602,0
20965,4
1504,4
5198,4
1436,0
508,0
26726,0
9240,4
16769,0
4925,4
78,0
26267,4
11502,4
7019,4
5862,0
20818,0
12194,4
15734,4
28194,0
18724,0
752,0
7770,0
20168,0
6834,4
12233,0
1250,4
24663,4
28667,0
3939,4
14970,0
17622,0
28912,0
11107,0
19537,4
9328,0
7808,0
15025,0
7134,4
1381,4
17569,0
5557,0
22421,0
22988,4
28508,0
28859,0
23007,0
3219,4
18729,0
10809,0
1533,0
1911,0
3623,0
18519,0
28269,4
3902,4
3695,4
1432,4
26939,4
14880,0
4368,4
17607,4
1197,0
19009,0
1624,4
13922,4
7310,0
22436,0
24566,4
30632,0
22070,0
20598,0
2726,0
16387,0
2297,0
17363,0
4573,0
3011,4
18882,0
8859,0
26872,4
20221,0
26563,4
20103,4
22674,0
20090,4
16654,0
23871,4
28765,0
2805,0
22488,0
1928,0
31265,0
7169,4
27441,0
14446,0
9144,0
29509,4
12975,4
13317,0
13979,4
29384,4
26058,4
24048,0
31023,0
13348,0
2308,0
18742,0
30432,4
17369,0
13732,4
13903,0
14234,0
23620,0
15079,0
29616,4
17585,0
20665,0
27743,4
25142,0
16616,4
9539,4
14485,0
26810,4
18753,0
15175,0
13793,0
15476,4
27319,4
25821,4
3589,0
29591,4
13883,0
7854,0
6843,4
20465,0
2035,0
11587,4
22334,0
30831,0
2148,4
27136,0
3069,4
30495,0
30712,0
27188,0
28794,0
14055,0
9258,4
2775,0
11385,4
1598,4
11553,4
5393,4
18788,0
10802,0
17059,0
17015,4
29424,0
16112,0
27386,4
24307,0
11888,4
9842,0
26994,4
5699,4
13205,4
14760,0
20312,0
14818,0
14725,0
27406,0
29477,4
4548,4
12138,0
23234,4
13031,4
29728,0
17858,0
23307,0
3614,0
20936,0
24135,0
9388,4
18233,4
13913,0
19643,4
15828,0
13132,0
17089,4
9573,4
14449,0
9973,4
25475,0
4688,0
19169,4
28427,4
30394,4
21552,0
18309,0
7761,0
6000,4
28791,0
17474,0
11798,4
26218,0
2506,0
20001,0
2525,4
2314,4
5250,0
699,0
25710,0
14244,0
8462,0
4196,0
17628,0
1503,0
769,0
14615,0
18414,0
21319,0
10197,0
29763,4
24715,0
7247,4
25125,4
7484,0
3190,4
10466,0
8263,4
14978,0
8511,0
7602,4
16670,4
4916,0
28623,0
24981,0
24313,4
15939,4
12886,4
7593,0
30225,4
7894,0
24753,0
12586,4
8003,0
13239,4
27055,4
28313,4
26370,0
3196,0
12955,4
7838,0
1323,4
24425,0
29097,0
814,4
15929,4
31330,0
23503,0
11619,4
16725,4
25907,0
5602,4
17983,0
27343,0
11869,4
23607,0
9858,0
15729,0
26334,0
28452,0
21464,0
10606,0
9003,0
1530,4
20636,0
7369,4
18738,0
5182,0
429,0
5493,4
19275,4
22332,0
28533,0
9781,0
17922,4
26651,4
25968,0
11646,0
4813,4
2930,0
25616,0
9769,4
23251,0
21578,0
27110,0
23028,0
28954,0
24076,0
4772,0
15816,0
6831,4
27014,4
7547,0
27490,0
26612,0
27698,0
29881,4
4716,0
21782,4
16640,4
26827,4
7072,4
3521,4
7005,0
11305,4
28831,4
5789,4
25242,4
4375,4
3920,4
817,4
18514,4
18708,0
21838,4
16445,4
26741,4
6075,0
19662,0
30238,0
10145,0
13652,0
4366,4
21983,0
19419,4
27007,4
26510,0
630,4
29760,4
9499,0
6315,4
29170,0
27511,0
21669,4
9284,4
16210,0
30888,4
24172,0
2451,4
21312,0
14207,0
28636,4
18647,0
25905,4
15458,0
29678,0
13706,4
23109,0
20112,4
15606,0
20381,0
4149,0
2916,4
3000,4
14123,0
6460,4
21708,0
28097,4
27273,0
28955,0
4528,4
16624,0
5861,0
8375,0
27030,4
30713,4
24145,0
22897,0
8609,0
14370,4
16600,0
29018,0
13882,4
25559,0
31160,0
10457,0
10226,0
1224,0
26985,4
23954,0
5230,4
24851,0
7362,0
13467,0
22987,0
22000,0
21980,4
30177,4
7816,4
8315,0
16172,4
27887,4
7250,4
5326,4
24483,0
8710,0
27290,0
5116,0
1149,4
12801,0
17122,4
6519,0
15953,0
10578,0
19476,4
15152,0
7060,4
24603,0
12465,4
8409,0
24821,0
14996,0
26345,0
8366,0
26571,0
28902,0
13354,0
9098,4
27932,0
4249,0
6353,4
11420,4
29679,4
1569,4
25455,4
20500,0
20379,0
24580,0
5569,0
11017,4
22893,0
13313,0
30386,4
12414,4
8106,0
14385,0
27817,0
17232,4
18321,4
24980,0
28838,4
6213,4
14924,0
22350,0
1458,4
3280,0
17459,4
31343,0
27058,4
18044,4
28992,0
15657,4
1051,4
31365,0
2062,4
9942,0
2375,0
27139,4
1872,0
11020,0
8970,4
6667,4
19194,4
21484,0
29159,4
28866,0
25507,4
4795,0
11533,0
28580,0
27901,0
24252,0
18641,0
17548,0
24020,0
14057,0
30791,0
29427,4
24795,4
8344,4
19468,4
22573,0
6593,4
1031,4
18749,0
26663,0
8276,4
7631,0
1912,0
29780,0
22992,0
11714,4
23488,0
7992,0
6572,4
23342,0
4053,4
28740,0
19718,4
26556,0
20056,4
16854,0
4692,4
23686,0
21503,0
13157,0
21596,0
2553,4
1305,4
4471,4
26854,4
412,0
3699,4
18801,0
5854,0
3787,0
5027,0
10255,0
14679,0
28852,0
29461,0
8477,0
3743,4
6953,4
7170,4
2469,4
15764,0
15290,4
22611,0
6975,0
27834,0
12866,4
29011,0
27963,0
21804,4
2235,4
19703,0
19655,0
26530,0
18404,0
12739,4
1393,4
11535,0
799,0
23199,0
30970,0
30250,4
19370,4
24850,4
7200,4
5842,4
6926,0
26948,4
30004,4
10752,0
12330,0
25023,0
16467,4
4959,4
28441,4
9527,4
2097,0
16285,4
20419,0
8703,0
20557,0
1867,0
14048,4
16107,0
30710,4
19762,0
29278,4
13440,0
27920,4
9834,4
15443,0
8339,0
13443,0
10179,0
654,0
319,0
3148,4
19786,4
10206,0
28773,0
6324,4
25695,4
14218,0
3210,4
30179,4
5053,0
28364,4
6412,0
11070,0
11445,0
47,0
9618,0
14881,0
11653,4
25145,0
29871,4
19432,4
19767,4
26505,4
25112,0
14613,0
5997,4
24974,4
30064,0
28899,0
28554,0
16799,4
25278,0
18685,0
26723,0
15114,0
26484,0
8707,0
22253,0
746,4
21212,0
15775,0
21016,0
14158,0
28970,0
15991,4
17817,0
8669,4
20590,0
2333,0
22239,0
4338,0
23848,0
13392,0
3252,4
17380,0
15713,0
20395,4
28705,4
8863,0
7440,4
5285,0
21823,0
22786,0
6020,4
6999,0
26788,4
5098,4
22920,0
11347,4
23400,0
8177,0
12778,4
18406,0
18478,0
6586,4
4985,0
14892,0
14947,4
335,0
8218,4
2182,4
29065,4
11543,0
27656,4
5829,4
757,4
28578,0
5756,4
14210,0
8122,0
23311,0
17359,4
28104,4
22823,0
8321,0
26780,4
14006,0
8946,0
24195,4
30158,4
21054,0
26784,4
29941,0
24322,0
3466,4
1521,4
4957,4
13435,4
7037,0
15547,0
29611,0
2913,4
18348,0
27899,4
1179,0
28563,0
30566,4
24134,0
29934,0
16471,4
25552,4
10854,0
720,4
22531,0
7916,0
21260,4
31139,0
861,4
8480,4
12993,4
22933,0
19294,4
110,0
21386,0
16,0
3318,4
15298,0
17204,0
25008,4
20302,4
14260,0
10870,0
22247,0
22801,0
13810,0
14632,0
1490,0
19692,0
15180,0
24684,0
18612,4
4380,4
8407,0
1926,4
8962,0
18172,4
28544,0
10123,4
20448,4
26659,4
10560,0
15621,0
2661,0
19886,4
7714,0
9466,0
1899,4
26290,0
19783,4
9658,4
7717,4
3051,0
17249,0
14472,0
28721,0
23908,0
19220,0
551,0
25305,0
2424,4
23753,4
5641,4
4890,0
18808,0
13625,4
20788,4
13686,4
28978,0
19687,4
4518,0
12655,4
7726,0
15643,0
71,0
21133,0
11100,0
17097,4
15915,4
13365,0
27102,4
11021,0
14405,0
26843,4
2266,4
25711,4
17241,4
12359,4
22578,0
11519,0
16695,0
31136,0
29099,4
6120,0
11920,4
20414,4
17799,0
16300,4
9204,4
3698,4
8396,0
12850,4
837,0
26205,0
19012,0
25943,0
27510,0
2322,4
418,0
7865,0
9524,4
20966,0
215,0
8797,0
3066,4
19299,4
25754,0
16534,4
5452,4
19274,0
379,4
23904,0
17147,4
9498,0
21616,0
2856,4
25751,4
20919,4
25303,0
11050,0
3367,0
18860,0
14528,0
24847,0
9133,4
14384,0
28480,4
7899,4
25068,0
21185,4
25220,0
29508,0
23964,4
20459,0
25321,0
29652,4
23700,0
19653,4
20580,0
11205,0
2378,0
17751,0
28133,4
8049,0
17450,4
18799,0
30905,0
28349,0
22405,4
8250,0
8381,0
21222,4
23486,0
5794,4
2149,4
6023,0
14727,0
15818,0
451,0
2720,0
30702,0
9072,0
26997,4
15702,4
9132,4
5416,4
17104,4
15077,0
4331,0
15097,4
20843,4
3324,0
27839,4
12864,4
27257,0
14963,0
13229,4
6145,4
30029,0
4551,0
8105,0
6736,4
8631,0
1311,0
593,4
12570,0
4892,4
12577,4
3793,4
894,4
15868,4
9086,0
24651,0
29698,4
29017,0
2703,0
30003,4
15346,0
11349,4
11740,4
977,0
10148,0
5296,4
8853,0
12219,4
30327,0
15314,4
14395,0
13369,0
4190,0
30987,0
21088,0
852,4
1080,4
13372,0
21962,0
6074,0
6513,0
557,0
30429,4
10113,4
29129,4
7123,4
6995,4
3414,4
20569,0
8515,0
1289,4
24124,0
408,4
28227,0
18518,0
27712,4
29507,0
3888,4
15761,0
23664,0
5271,0
28401,0
11380,4
6564,4
3322,0
23483,0
17108,0
24393,0
29374,0
14505,0
29454,0
1819,4
20352,0
5957,4
4135,0
13320,0
1697,4
20539,4
19364,4
23122,0
10222,0
20969,4
247,0
26975,4
14792,0
13408,4
29835,0
17312,0
28371,4
20383,0
22767,0
7319,0
21958,0
3225,4
12367,4
28176,4
13188,0
28848,0
6726,4
2893,0
4862,4
2929,4
701,4
1375,0
8909,0
3720,4
13569,0
22009,0
7269,0
29750,4
9601,0
12922,0
5594,4
17672,4
25984,0
3689,4
2628,4
4693,0
6941,4
14521,0
3810,4
28243,0
13607,0
8460,0
25844,0
28603,4
14373,0
20023,4
18401,4
8686,0
22915,0
21625,0
10165,0
10669,0
9765,0
17233,0
4937,0
23185,0
11884,4
30144,0
23101,0
8999,0
1932,0
14150,0
15376,4
2567,4
21732,0
15859,0
17441,0
1778,4
9846,0
26069,0
8457,0
7696,0
11836,4
2786,4
9151,4
4659,4
9962,4
465,4
1467,4
28772,0
340,0
24349,4
3012,4
13734,0
25050,4
9090,0
30727,4
26605,4
25426,0
26136,0
19059,0
7091,0
17626,0
14499,0
21527,0
15994,0
17862,4
30636,0
25338,0
20211,4
21348,0
7744,4
16450,4
22467,4
21631,0
23201,0
29587,4
9212,0
3454,4
19312,4
24337,0
30853,0
27348,0
18835,0
5033,0
15803,4
11964,0
30577,0
21211,0
27709,0
28956,0
27307,0
4614,0
27621,0
18426,0
14663,0
16611,4
18624,0
13936,0
13826,0
2038,0
1974,0
18595,0
4042,4
3349,0
18435,0
2595,4
12479,0
11823,4
21130,0
25011,0
15312,0
10345,0
2265,4
10916,0
18631,0
8544,0
10917,0
17475,4
14403,0
28266,4
30415,4
167,0
11981,4
2607,4
5144,0
3426,0
1797,0
12472,0
31337,0
22438,0
22486,0
25257,0
11775,0
2552,4
14467,0
11446,4
12984,4
27304,0
9433,4
16360,4
7050,4
83,0
26952,4
15129,0
29102,4
11620,0
8968,4
126,0
7656,0
16948,4
11148,0
28841,4
10498,0
19616,4
23879,0
1497,4
17090,0
24693,0
30469,0
22973,0
586,4
23459,0
12505,4
6630,0
22695,0
24861,4
2238,0
31279,0
31246,4
23422,0
6957,0
7922,0
20231,4
21282,0
26312,4
24216,4
30258,4
23223,0
26096,4
17797,4
15022,0
29773,4
13493,0
6682,4
9127,4
22215,4
23628,0
21801,0
30364,0
18095,0
9180,4
11501,0
13477,0
28157,0
14729,0
26108,0
4640,4
12082,0
9340,4
506,0
12077,0
19648,4
12433,4
22378,0
30422,4
3215,4
26816,4
6644,4
2574,4
23158,0
5909,0
18817,0
2824,0
31135,0
31312,0
24629,4
22459,0
30680,4
15337,4
26644,4
24151,0
18084,0
17428,0
29175,0
27957,0
2416,4
11763,4
27185,0
8806,4
18748,4
5849,0
24054,0
12133,4
22738,0
12513,4
13286,0
24323,0
4236,0
15164,4
18698,0
30124,4
26560,0
10797,0
31432,4
20821,0
16398,4
18353,4
22750,0
28440,4
20846,0
5236,4
17579,0
4387,0
7734,0
18248,4
2143,0
20527,0
19067,4
12950,4
22844,0
25039,0
16582,4
19634,4
19860,4
10187,0
17964,4
890,4
29709,4
493,0
26326,4
18116,4
13005,0
8361,4
4776,4
15439,0
18935,4
1749,4
10807,0
15658,0
14793,0
12945,4
26511,4
29721,4
2862,4
3930,4
26753,0
3161,4
1817,4
4661,0
24221,0
28155,0
30766,4
12686,0
15463,0
9346,4
463,4
29542,4
16117,4
4490,0
13887,0
20925,4
18983,0
6978,0
16681,4
9771,4
20216,4
9505,4
10931,0
9671,4
9075,4
28326,0
15427,0
24777,4
28692,0
16244,4
11470,4
19560,4
17658,4
14699,0
21725,0
16223,4
31075,0
486,0
2851,4
26926,4
1970,0
27739,0
19683,4
10973,0
1774,4
28688,0
29637,0
914,0
12914,0
24388,4
6429,4
30757,0
4072,0
30428,4
5382,0
12269,0
13149,0
20032,4
9079,0
1,0
979,4
23436,0
17367,4
19284,0
8224,0
10387,0
18707,0
14190,0
5391,0
6710,0
25040,0
15919,0
25947,4
21493,0
8110,0
2803,0
13645,0
218,0
11936,4
28651,0
19761,4
17616,4
27318,0
22657,0
6583,4
25161,0
20742,0
27487,0
10074,4
28904,0
30000,0
27005,4
22870,0
14707,0
23241,0
23499,0
10405,0
11368,4
15351,4
25421,0
31127,0
12909,4
1729,0
16970,4
8195,0
21270,4
9862,0
7032,0
25601,0
367,0
9214,4
25645,0
28151,0
29009,0
995,0
12730,4
15545,0
27118,4
5159,0
21109,0
31304,0
11577,0
21921,0
9610,0
1215,4
27419,4
10648,0
6749,4
7736,0
20159,4
6260,0
16044,0
19549,4
24692,0
10233,0
8388,0
29249,0
307,0
1061,4
23331,0
16355,4
15749,0
26048,4
393,0
7328,0
5895,4
27187,0
7470,4
6464,4
16764,4
31046,0
14601,0
18275,4
3034,4
4964,0
719,0
10889,0
6374,4
2344,0
21333,4
21570,0
7694,0
14501,0
2936,0
6521,4
16165,4
2196,4
1631,0
2302,0
1918,0
29501,4
26033,4
28054,4
27775,0
9365,0
12937,0
28735,0
18614,4
18490,0
29893,4
23714,0
7925,0
19674,0
743,4
30912,0
8814,4
26434,0
14512,0
17050,4
25154,4
30749,0
20435,0
15879,0
8676,0
27908,4
13114,4
19115,4
19917,0
23349,0
16296,4
15989,0
20401,4
3562,0
22709,4
13170,4
1094,4
18606,4
5615,0
2165,4
19633,4
25333,0
14834,0
8521,0
27909,4
23116,0
17961,4
12309,4
13383,0
18973,4
18590,4
8288,0
23724,0
8264,4
3938,0
5661,0
6450,4
13920,0
25659,0
6064,4
17071,4
13470,0
30721,0
1229,4
12825,0
17330,0
4982,4
11672,4
2202,4
9152,4
26021,4
4302,0
27951,0
5491,4
27643,0
1725,0
15495,4
11043,0
22067,0
13058,4
26934,4
30329,4
17304,4
31282,0
2298,0
7277,0
13773,4
6942,0
22395,0
3299,4
11859,0
29883,4
11345,4
11536,0
28910,0
12943,4
11570,4
15049,0
19769,0
28564,4
26712,0
29178,4
25500,0
21297,4
14832,0
22117,0
6109,0
28059,0
31280,4
12365,4
19473,4
19701,0
5309,4
6544,4
206,0
936,0
2505,4
1893,0
21286,0
17385,0
30693,4
12301,0
22124,0
16553,4
18593,4
9165,4
15107,0
726,4
5530,4
20926,4
6298,4
13338,0
12371,4
22071,0
9954,0
11353,0
20835,0
19689,0
11162,0
14426,0
2358,4
6441,4
25976,4
25072,0
18937,4
1158,0
29223,0
10647,0
7322,4
21148,4
2502,0
12708,0
21558,4
15845,0
3018,0
7988,0
28979,0
6574,0
20288,0
27197,0
1790,4
29557,4
9744,0
9702,4
30816,4
4711,4
765,0
19434,4
15676,0
21201,0
5830,4
478,0
25255,0
11456,0
19531,4
4276,0
31247,4
11133,0
26107,4
1106,4
29493,0
20078,4
6705,4
25021,4
6525,4
16406,0
20900,0
27940,4
30107,0
30202,4
5666,0
6144,0
24113,0
16601,0
10164,0
49,4
23086,0
21946,0
4687,4
31303,0
13237,4
30192,4
30847,0
29258,0
5765,4
29666,0
30580,4
11789,4
18180,4
12535,4
14648,0
13715,0
25702,0
23239,0
26802,4
7209,0
14121,0
14152,0
24384,0
15923,4
16910,4
12461,4
8203,0
30102,4
7057,0
20778,0
12159,4
8665,4
22820,0
26061,0
3715,4
21749,4
11226,0
3790,4
29083,0
16648,4
18238,4
27907,0
7437,0
571,4
2772,4
2447,4
14749,0
13660,0
26410,0
18705,0
13215,4
25625,0
8732,4
6560,4
21997,0
2923,4
23444,0
1494,0
29299,0
14966,0
1840,4
8551,0
11855,4
9479,4
24199,0
18542,0
1441,4
28306,0
26904,4
3627,0
6216,0
20934,0
30902,0
660,0
1743,4
2839,4
3729,4
2058,4
15297,0
5754,4
9903,4
19589,4
15578,0
22967,0
26144,0
4136,0
18711,0
20621,0
17000,4
12704,0
5518,4
11101,0
8782,4
6632,4
23636,4
12932,4
21254,0
13222,4
18917,0
29486,4
6275,0
15860,0
15531,0
25312,0
21644,0
22305,0
14259,4
6277,0
12560,4
9905,4
4478,4
25018,0
8419,0
28147,0
11831,4
25290,0
7787,4
13311,0
23308,0
4393,4
27012,4
2117,0
10047,4
7042,0
17364,0
7024,4
25732,0
10620,0
17612,0
10562,0
635,4
4768,0
422,4
17568,0
24348,0
16836,4
11637,4
20299,4
25414,4
3374,0
15838,4
31321,0
22173,0
18250,0
5999,4
1000,0
17300,4
739,0
28710,0
5188,4
28078,0
26642,4
17836,0
21554,4
25681,0
19508,0
21400,0
12347,4
15084,0
13038,0
1157,4
811,4
12756,4
26509,0
22301,0
15179,4
19510,4
25382,4
25445,0
3561,0
5790,0
9708,0
10450,0
15491,0
29328,0
3662,4
12225,0
9696,4
22947,4
8328,0
9465,4
28513,0
1786,4
29063,0
2018,0
6772,4
15133,0
6645,4
19126,0
10804,0
18634,4
8941,0
21131,0
9543,4
2032,0
25188,0
9750,0
10307,0
21955,4
28487,4
27001,4
17743,0
10517,0
23287,0
27900,4
1352,4
9101,4
9276,0
25360,4
30363,4
23305,0
31455,0
7345,4
29527,0
26065,0
4732,0
7727,4
12376,4
28210,0
891,4
12622,0
2206,4
28116,4
21690,0
3369,0
7921,0
25411,0
15714,0
3029,4
8410,4
30358,0
6456,4
146,0
16831,4
26269,4
13886,4
25649,0
13891,0
12991,0
1883,4
14412,0
24471,0
28605,0
16280,4
4605,4
12912,4
31224,0
27084,4
22964,0
4902,4
12723,4
28493,0
3782,0
21786,0
14858,0
28585,0
20095,4
7798,0
25345,0
27447,0
30377,4
10626,0
17773,0
18765,0
8185,0
10349,4
29748,4
7657,0
1144,0
2781,0
11308,4
4438,0
9979,0
8466,0
20368,0
29055,0
8072,0
16586,4
7683,0
4089,0
15532,0
18656,4
24779,0
18339,4
24630,4
1683,0
3427,4
26462,4
28032,0
23095,0
12552,0
31064,4
1121,0
6539,4
394,0
3853,4
28548,4
25395,4
24498,0
25914,4
17055,0
17325,0
8557,4
15920,0
19742,4
29280,0
11734,4
11091,0
25910,4
3380,0
19141,0
14459,4
6129,4
17991,4
11419,0
28341,0
24754,4
29619,4
18041,4
2917,4
21359,0
31445,0
29640,0
25589,4
27268,0
27672,0
168,0
16074,0
17916,4
256,4
1189,0
2941,4
22005,0
2193,4
25506,0
21613,0
16507,0
11111,0
14066,0
29261,0
10860,0
11824,4
26850,4
12804,0
8818,4
29060,0
22677,0
13297,0
1849,4
9551,4
9073,4
23260,0
24615,4
28127,0
22088,0
28254,0
54,0
18138,0
8042,4
26989,4
4325,4
8939,0
16225,0
16566,0
13006,4
24876,0
1634,4
17684,4
23153,0
1112,4
8767,4
6447,0
28375,4
5199,0
7910,0
26374,0
5439,0
1752,4
25833,0
23068,0
17351,0
17298,4
26445,4
10518,0
28995,0
27061,4
27832,0
30686,4
28152,4
20236,4
3243,0
648,4
17044,4
5897,4
25936,4
15421,0
30253,4
18322,0
2911,4
20011,4
27446,0
7023,0
18376,0
19020,0
24146,0
29816,0
12388,4
17971,4
2123,0
24002,4
24140,0
18245,4
20097,4
13015,4
28442,4
15560,4
573,4
29476,4
26630,0
21598,0
13837,0
18024,4
18533,4
6882,0
306,0
3352,0
29899,0
15069,0
7645,0
31101,0
27095,4
5316,4
12561,0
16289,4
2747,4
8293,0
29544,0
25384,0
21024,0
13875,0
1747,4
25002,0
17651,4
31028,4
15901,0
21877,0
27288,0
8997,0
23679,0
16541,4
25092,0
17549,4
9955,0
12357,4
21780,0
19832,0
21051,4
12573,4
19592,4
23338,4
5819,0
6538,4
7984,0
19191,0
14768,0
16233,4
30708,4
15591,0
11113,0
20224,4
7611,4
17621,0
2608,4
29820,4
19452,4
7803,0
21027,4
22922,0
2715,4
17832,0
11578,4
9948,4
20348,0
27757,0
29957,4
24643,0
2658,0
13863,0
6971,0
22198,0
9826,0
2696,4
1649,0
9827,4
23569,0
19569,4
26977,4
30743,0
19401,0
23670,0
26738,0
2622,4
6648,0
11046,0
30332,4
2468,4
12346,4
22241,0
19372,4
19000,0
26160,0
31134,0
19796,4
13155,4
4127,0
6164,4
4126,4
17447,0
14410,0
23252,0
18512,0
26298,4
7795,0
15881,4
23953,0
27639,0
4083,0
24316,0
16639,0
22997,0
23232,0
8718,0
7551,4
24053,0
17049,0
28171,0
7783,4
10107,4
19896,4
22251,0
5757,4
374,0
18506,0
18217,4
12578,4
20986,0
21977,0
9676,4
9860,4
18902,0
13140,4
16292,4
19522,4
25937,0
4728,0
30684,0
30320,4
15012,0
1318,4
26109,0
17406,0
20297,4
2072,0
5314,4
28991,0
13585,4
15460,0
13404,0
9194,0
16852,4
12131,0
22030,4
17929,4
16378,0
19160,4
3819,4
9867,0
16356,0
220,0
3670,4
17346,0
13362,0
11947,0
23559,4
22228,0
22824,0
20106,4
9025,0
17914,0
30368,0
9096,0
30375,4
12610,4
16096,4
25060,0
18696,0
2920,4
21233,4
30576,0
5948,4
11516,4
8541,0
30484,4
13310,0
25083,4
4911,4
19541,4
24494,4
27868,0
1485,0
8887,4
177,0
18827,0
1450,0
13417,0
1976,0
4949,4
7609,0
663,0
15539,0
20988,0
21533,0
21391,0
23110,0
5418,4
2558,4
1058,4
7481,4
26304,4
9504,4
1522,4
15587,0
26258,4
24552,4
1593,4
11828,0
31401,4
7461,0
28170,4
17476,0
26623,0
28624,0
9057,0
8666,4
25283,4
25110,4
30437,0
22769,4
16144,0
7964,0
8484,0
12302,4
6420,0
11210,0
14030,0
2017,0
9682,4
20116,4
7868,0
22867,4
27624,0
2008,0
950,0
1237,4
17767,4
1931,0
15145,0
24639,0
7623,4
14464,4
11361,4
20016,4
1635,0
4819,0
17326,4
26609,4
5767,0
8096,0
17708,4
10292,0
16419,4
789,0
24213,0
10152,0
5078,4
24013,0
19941,4
13633,0
16442,0
22794,0
8744,0
24903,0
23497,0
8875,0
7021,0
1703,4
9319,0
23567,4
14416,0
26034,4
12157,4
14550,0
8658,4
20012,4
23992,0
23458,0
14363,0
15561,0
21389,4
13847,0
11700,4
6943,0
12321,4
19523,4
17257,0
349,4
28099,0
18849,0
16235,0
16470,4
19601,4
7499,4
11306,4
24465,0
11077,0
18681,0
3733,4
8566,0
13753,4
3092,0
7923,0
19530,4
14093,0
12280,4
1823,4
29056,4
1796,0
8512,0
18924,4
18293,0
25491,0
5764,4
19711,4
17324,0
31047,0
31296,4
13158,4
5483,0
8180,4
28596,0
17135,4
24462,0
23164,4
23794,0
9175,0
29131,4
1024,4
24713,0
13309,0
8692,0
16427,4
6986,4
11614,4
6011,0
5096,4
6347,4
3731,4
16340,4
9248,4
22527,0
18824,0
5349,4
10044,4
12395,4
28609,4
19480,0
3320,0
13567,0
29983,0
20811,0
7888,0
16967,4
5896,0
7698,0
17620,0
11541,4
3390,4
29905,0
28292,0
751,4
26275,4
15216,0
23074,0
29702,0
12799,0
23722,4
22536,0
16809,0
7001,0
1434,0
6911,4
9081,0
29809,4
13505,0
10791,0
27568,0
11692,0
14193,0
5933,4
18427,4
10168,4
4014,4
20220,4
20033,4
27391,0
22320,0
16231,4
27265,0
29560,0
6498,0
16218,4
202,0
27735,4
7755,0
2060,0
8268,4
7582,4
25704,0
4086,0
11992,0
8840,4
4174,4
10936,0
27494,4
12503,4
10928,0
3870,4
4818,4
7431,0
20047,4
13647,0
8206,0
12637,4
25363,0
30443,4
12826,0
18915,0
15433,4
8079,0
19489,0
11273,4
26456,0
28244,0
20108,4
29294,4
12602,4
4333,0
19730,4
12067,4
5015,0
24162,4
851,0
7556,0
2614,4
1772,0
23627,4
20547,0
14542,0
28090,0
29837,4
16581,4
119,0
22883,0
23398,0
11804,4
20684,0
1044,4
22827,0
25100,4
10416,0
14969,0
15188,0
16493,4
16365,4
26771,4
18653,0
23124,0
19404,4
6719,4
20659,0
26049,0
8471,0
9218,0
19469,4
20664,0
6773,4
20838,0
15142,0
14703,0
25718,4
21034,0
3620,4
8474,0
10899,0
17486,0
22393,0
18832,0
23929,0
8930,4
2043,4
27390,0
22909,0
1440,0
12418,4
12065,4
27619,0
14844,0
7585,0
25449,4
2407,4
8487,0
24268,0
25617,4
6400,0
7860,0
3271,4
26389,4
20619,0
125,0
5242,0
16105,0
5924,4
5219,0
4265,4
30549,4
22667,0
16523,4
27036,4
151,0
27335,0
13397,4
5509,4
23882,0
17539,0
27125,4
18079,4
9681,4
29931,4
23513,0
19511,0
21417,4
373,0
20370,4
26482,0
21880,0
29422,0
10077,4
13914,4
25944,4
26013,0
9306,4
5516,0
8092,0
12411,4
25157,0
11972,0
10462,4
24035,0
22057,0
19922,0
13452,0
26187,0
4544,4
26950,4
16341,4
29891,4
9286,4
13089,4
12297,4
330,0
25417,0
11036,0
22642,4
365,0
13150,0
607,4
20810,4
6182,4
16268,4
12927,4
27252,0
15402,0
30200,4
17726,0
18951,0
13172,0
15581,4
23876,0
28768,0
10796,0
9262,4
6503,0
2619,4
13374,0
11375,4
9883,0
13448,4
18345,4
7620,0
27002,4
3986,0
2179,4
20445,0
13571,0
18767,0
8152,0
16453,4
4991,4
1425,4
22471,0
2040,0
22908,0
30414,0
23135,0
3270,4
5407,0
25277,4
30926,4
23212,0
17996,4
9111,4
30734,4
29172,4
5689,4
241,0
10838,0
1534,4
21248,4
29108,4
592,4
2016,0
23411,0
16284,0
22621,0
26233,4
6939,0
10351,0
13485,0
24327,0
28728,0
22713,0
23112,4
13318,0
12558,0
2568,4
18278,4
8592,0
25768,0
25256,0
16961,4
3468,4
8501,0
490,0
11424,0
15275,0
26025,4
24015,0
10045,4
6801,4
12320,0
6253,0
15546,0
22608,0
7915,0
24771,4
28516,4
5520,4
29086,0
9679,0
11777,4
1361,4
25915,4
4782,0
11652,0
4852,4
28776,4
30644,0
26619,0
15782,0
14714,0
20994,0
31019,0
25177,0
31309,0
1590,4
1100,4
2638,4
4895,0
8245,4
22444,0
22299,0
1362,4
28328,4
6072,4
8945,4
2582,0
10949,0
29100,4
26892,4
28884,0
3356,0
6459,0
4734,4
13016,4
15347,0
21623,0
12773,4
12757,4
4211,0
10763,0
4378,0
2388,4
9232,4
17772,4
31165,4
31169,0
30076,4
20894,0
5821,0
16273,0
21526,4
18011,0
23418,0
23755,4
6901,4
11743,4
26379,0
4901,0
4748,4
17286,0
21511,0
721,0
12046,4
27603,0
4566,4
5870,0
2200,4
5415,4
2730,4
6786,4
16607,0
24006,0
17319,0
2925,4
8652,0
8067,0
4458,4
26516,0
28293,4
232,0
16660,4
16115,0
2171,4
26142,0
1540,4
29078,4
20956,0
2729,0
6714,4
15697,0
12205,4
29255,4
21322,0
4780,4
29015,0
19977,4
669,0
4627,0
6241,0
775,4
12477,4
8958,0
734,4
23936,4
15210,0
29976,0
14581,0
23831,0
6146,0
26010,0
22046,0
24154,0
14731,0
9598,0
27948,4
31449,0
29669,0
23509,0
17583,0
17121,4
15646,0
14773,0
5828,0
17267,0
11330,0
29397,4
24336,0
7048,0
17173,4
505,4
11711,4
8645,4
10003,4
30114,4
30525,4
10071,4
29626,0
14746,0
25076,0
19823,4
11890,4
13678,0
3262,4
14508,0
28509,0
21614,0
6929,0
1138,0
22684,0
20123,4
12190,4
17066,0
2515,4
12525,0
16077,0
14584,0
15834,0
5548,4
10489,0
13116,4
70,0
3077,0
26152,4
10541,0
11886,4
14494,0
8748,4
26186,0
11800,0
30700,0
20491,0
20341,0
297,0
31412,0
9272,0
24480,0
28016,0
24741,0
22763,0
13479,0
24990,0
25085,4
30535,4
19512,4
28384,4
1048,0
22840,0
30583,0
8865,0
261,0
11123,0
23220,0
27822,0
2634,0
9472,4
15141,0
7765,4
29164,4
22854,0
17355,0
25041,0
18905,0
27612,0
20099,4
20579,0
10477,0
22880,0
8979,0
21234,4
28092,0
28145,4
6933,4
17167,0
10039,4
9397,4
21093,0
24029,0
11152,0
19097,4
6582,4
13161,0
23732,0
16623,0
9690,4
1586,4
2152,4
27316,0
10692,0
22516,0
12790,4
3240,4
16876,4
22373,0
14298,0
12422,0
7958,4
17092,4
6625,0
13059,4
23208,0
27432,0
13962,0
14196,0
9668,4
24203,0
29529,4
11945,0
25920,0
5624,4
16510,0
9475,4
18672,4
6665,4
9356,4
9463,4
27009,4
15481,4
6116,4
22285,0
2771,4
23841,0
19002,0
24064,0
17805,0
7933,0
24558,0
11807,4
24253,0
24173,0
11596,0
27023,4
11650,4
10321,0
7483,0
1113,0
12837,4
16193,0
11988,0
25540,4
17464,0
24239,0
25179,4
17345,0
11416,0
30123,4
30550,4
4970,0
409,4
25580,0
20397,0
15565,0
3708,0
30474,4
21176,0
2078,4
4262,4
3447,4
20029,4
30199,0
23854,0
3581,0
11443,0
1313,0
4245,4
26019,4
25386,4
7014,0
10337,0
16333,4
24280,0
13314,0
713,4
28347,0
7354,4
28778,4
18769,0
23337,4
10978,0
18846,4
23448,0
30558,4
23052,0
1053,4
14658,0
3102,4
25289,0
4704,0
16148,4
18800,0
16094,0
17731,0
14315,0
12721,4
7813,0
30154,4
7111,4
6869,0
29312,0
12277,4
19641,0
360,0
18119,0
15215,0
26455,0
22551,0
8837,4
23387,0
16992,0
2218,4
7966,0
8623,4
15034,0
24347,0
15405,0
5810,4
6646,4
11436,0
1456,0
1811,0
13526,4
27358,4
18099,0
9994,0
14475,0
21794,0
27632,0
22072,0
7861,4
29413,0
18741,0
28019,4
6266,0
3214,4
25834,0
25469,4
24780,0
19063,4
384,4
1077,4
17957,4
22347,0
18199,4
24105,0
2706,4
5965,4
27537,4
30262,4
17639,4
21807,0
7045,0
4105,4
20105,4
9972,4
24841,4
19422,0
23396,0
23948,4
2689,0
7905,4
20140,4
6368,0
14148,0
20573,0
23751,0
1556,0
28822,0
28648,0
10599,0
27547,0
17095,0
4168,0
31049,0
10733,0
30290,4
21676,0
2813,4
25509,0
21575,0
27193,4
5492,4
25077,0
7902,4
4026,0
25293,0
28751,0
5209,0
13259,4
30486,4
29734,4
13396,0
5303,4
26724,0
20237,0
25612,4
26704,0
9552,4
16812,4
17003,4
8287,4
25750,0
4853,4
31434,0
26204,4
7249,0
11811,4
19406,0
22891,0
13243,4
10244,0
934,0
6226,4
23682,0
4421,4
5128,4
6944,4
24775,4
23933,0
10887,0
10069,4
5423,4
23969,0
23516,0
29975,4
965,0
12080,4
5758,4
21825,4
23302,0
14650,0
3549,4
10043,4
26545,0
16732,4
17275,4
9627,0
20895,0
8099,4
11334,0
17547,4
30986,0
30083,4
25247,4
4048,4
29166,4
30604,4
23285,0
14525,0
15893,0
24760,0
3898,0
24539,0
19734,0
23242,0
16546,0
24183,0
18986,0
3333,0
11348,4
3095,4
9188,0
6128,0
29257,0
14759,0
15960,0
27545,0
19520,0
27431,0
9069,0
19688,4
5412,4
12792,4
21879,4
2756,0
25032,4
8706,0
18862,0
3755,0
24556,4
15807,0
21922,0
7298,4
15120,0
18469,0
6681,4
14752,0
25519,0
7424,4
9126,0
30596,0
18374,4
11994,0
30111,0
9522,4
26119,0
27765,0
14557,0
26830,4
23833,4
27520,0
11257,0
25661,0
30827,0
7302,4
8664,4
16067,0
26470,0
14044,0
6066,4
23327,0
23520,0
29803,0
4251,4
10635,0
17918,4
14478,0
28045,4
26601,4
25532,0
9244,4
13345,0
1576,0
27340,0
568,4
10729,0
20111,4
26080,4
23693,0
2848,4
5882,0
21824,0
11409,0
28664,0
26350,4
4039,4
28880,0
12169,4
25518,4
30778,0
29867,0
17782,0
19478,0
13685,0
26931,4
4015,4
27824,0
1410,4
26863,4
26244,0
29093,0
2728,0
15273,4
21984,0
31359,0
7571,0
15342,4
22974,0
14805,0
31140,4
16171,0
6362,4
30005,4
8231,0
29235,0
8227,4
10861,0
10569,0
6920,4
7555,0
8118,4
18302,0
27219,0
16463,4
1870,0
5962,4
502,4
10564,0
19148,0
9652,0
21957,0
14775,0
21228,4
26512,0
16560,4
8536,0
10331,0
15058,0
14824,0
28303,0
17766,0
5966,4
26868,4
1249,4
2741,0
7335,0
13603,0
7590,4
4749,4
18240,4
9192,4
30739,4
462,0
21399,4
28006,0
274,0
13138,4
30477,4
899,0
26318,4
29597,4
11027,0
20203,4
16890,0
3767,4
26132,0
21388,0
11669,4
9233,0
26390,0
28750,0
1662,4
15170,0
18085,0
6132,0
17119,0
4769,4
2767,4
15411,0
7116,0
20535,0
14479,0
3738,0
6495,4
23681,0
30863,0
9461,4
662,0
1529,0
503,0
26903,4
6388,4
18342,4
31357,0
11940,4
6917,4
4260,0
26342,4
21173,0
18660,4
9980,4
19957,4
5637,0
7268,0
7260,0
24424,4
29703,4
20692,0
16740,4
9988,4
19908,4
11622,0
4046,4
3820,0
2259,4
12646,4
27859,0
9968,4
10270,0
11889,0
28138,4
6476,4
756,0
17576,4
5659,0
1486,4
18361,0
16746,4
11454,0
14221,0
3178,0
10842,0
14077,0
12264,4
12095,0
10981,0
31291,0
9533,4
8852,4
14293,0
6232,0
13473,0
7955,4
27147,4
9457,0
23324,4
23209,0
27565,0
12456,4
17992,4
26092,0
15688,0
1877,0
16081,0
944,0
13549,0
1975,0
18094,0
1943,0
4303,4
5414,4
26175,0
2267,4
26431,4
3554,0
25266,0
10905,0
14476,0
27651,0
26489,4
26706,4
26157,0
4562,4
28666,0
17611,0
12633,4
16047,0
8987,4
16870,4
8241,0
20654,0
11899,4
29132,4
2470,0
11509,4
8921,0
21370,4
12150,4
30622,0
7805,0
16630,0
21461,0
28287,0
12662,4
8124,0
12543,0
29613,4
16785,4
27599,0
1382,0
30854,0
24057,0
26134,0
11644,0
1595,0
26147,4
22710,0
8261,0
16817,4
15109,0
20355,4
8984,0
21182,0
28079,0
23619,0
21415,0
28321,0
27848,0
27180,0
20240,4
10630,0
29715,4
11395,0
6511,0
11785,0
30551,4
4839,0
4141,0
11299,4
11891,4
4001,4
16884,4
24948,4
564,0
246,0
19894,4
22381,0
24757,0
28418,4
17724,4
8763,4
13262,0
10371,0
12078,4
29290,0
3919,0
20819,0
8990,4
7229,4
28290,4
9608,0
1241,4
5618,0
24100,0
28818,4
18536,0
2757,4
4833,4
4047,4
24881,0
22131,4
10094,0
348,4
21900,4
8768,0
27331,0
28708,0
29676,0
17370,0
23106,0
12509,4
22934,0
4746,4
31430,0
16128,0
6162,0
27135,4
8258,0
20496,0
27896,4
28372,4
6818,0
5939,4
21574,4
15399,0
1111,4
9613,0
24655,4
4365,0
19877,4
1201,0
28395,4
15063,0
21640,0
13419,0
30930,0
25387,4
3570,0
27127,4
8862,0
2437,4
31361,0
12372,4
24223,0
21496,0
7506,4
11978,4
20976,0
24153,0
11339,0
19567,0
3737,4
30214,4
19672,0
1394,4
14638,0
17239,0
17990,4
5311,4
11999,4
19897,0
16177,4
6430,0
7591,4
21146,0
19872,4
17469,4
27475,0
30079,4
9078,0
19732,4
26859,4
7713,0
17887,0
13025,4
3842,4
23701,0
17674,0
27880,0
31209,0
27008,4
15660,0
11188,0
28047,0
20214,4
970,4
10572,4
22919,0
15930,4
13277,0
19375,0
6958,0
7550,0
10731,0
18413,0
22957,0
27552,0
1059,4
25804,4
21755,0
15448,4
28604,0
30373,4
29420,4
29130,4
4823,0
25459,0
17915,0
18164,4
17074,4
8399,0
2109,4
15249,4
9227,0
21030,0
2701,4
18786,0
2579,0
1908,0
11370,4
23191,0
5013,4
25016,0
20021,4
20244,0
28587,0
3126,4
13673,4
6934,0
16064,0
23883,0
5278,4
7361,4
24003,0
15935,4
10102,4
16545,4
30420,4
15533,0
13421,0
27480,4
22631,4
25583,4
15467,0
19342,0
20855,0
7531,0
10507,0
3217,4
19540,4
12432,0
6051,4
19753,0
26009,0
21335,0
25486,0
23476,0
7886,0
29209,4
31,0
14965,0
16865,0
7579,0
30219,0
1419,4
12631,4
29586,4
19907,4
31307,0
5396,4
21046,0
14256,0
7482,0
7802,4
951,0
14435,0
2674,4
2045,4
26653,4
21240,0
1402,4
11761,0
13288,0
9350,0
20474,4
24359,0
31406,4
27206,0
11744,4
18153,4
13809,0
6691,0
28551,0
1889,4
7605,4
14900,0
30817,0
2129,0
26022,4
20874,0
9106,4
8090,4
28881,0
13691,0
13143,4
26011,0
26910,4
22386,0
5719,4
23433,0
3428,4
20617,0
19339,4
26381,4
3914,0
27026,4
6965,0
29526,4
26341,0
13406,0
7862,4
649,4
29697,4
4547,4
12839,4
28261,0
12705,4
23467,0
24518,0
10805,0
17828,0
24711,0
12467,4
23573,0
29642,4
30355,4
16904,0
13444,0
1087,4
20633,0
13839,0
16783,0
19218,0
14327,0
3209,4
5824,4
15150,0
15132,0
22839,0
22676,0
15148,0
30126,0
26362,0
27636,0
6165,0
14334,4
13250,4
5886,0
6095,4
30022,0
12763,4
29712,4
3472,4
18914,0
11294,4
24686,0
1479,4
8266,0
22850,0
4144,0
29238,0
27770,4
28012,0
2924,0
26358,4
14086,4
5926,0
24671,0
3223,4
7012,4
27994,4
24038,0
1952,0
25094,0
11772,0
2872,4
15542,0
14925,0
11166,0
29801,4
15156,0
25985,0
17870,0
1888,0
9395,4
16642,4
3775,4
16236,4
1205,0
19201,4
11196,0
12979,4
23930,0
26822,4
3388,0
21469,0
11698,4
28185,0
16825,0
21704,0
30981,0
6089,4
7303,0
10322,0
25940,0
11198,0
225,4
11146,0
20628,0
13179,0
21760,0
31029,0
10900,0
10582,0
26846,4
30115,0
18177,4
8319,0
22519,0
9927,0
27827,0
8232,0
11817,4
22343,0
10627,0
21582,0
6634,4
6290,0
3975,4
16899,0
8606,0
22613,4
26730,0
18104,4
30404,0
20251,0
21224,4
1256,0
11739,4
10561,0
26640,0
9369,4
22636,0
28071,4
4489,0
10679,0
15370,0
15623,0
14073,0
4644,4
2400,0
9720,0
7687,0
8789,0
9772,0
14144,0
6576,4
290,0
4200,0
2592,0
4499,4
14808,0
11150,0
14341,0
7168,0
5877,0
6187,4
2453,0
16567,4
12835,4
1763,4
25141,0
22579,0
16027,0
25434,4
7176,4
2334,4
21769,0
31414,4
22656,0
19057,4
27708,0
1257,0
24500,4
10660,0
1360,4
2392,4
893,4
15661,4
12963,4
3260,0
6279,4
28518,0
28869,0
3988,4
8165,0
3676,4
20975,0
16481,4
17985,0
11328,0
29112,4
8481,0
20386,0
29919,0
1741,4
3710,4
16650,4
8901,4
18563,0
28556,4
9211,4
23575,4
6475,4
18259,4
13389,0
20578,0
11561,0
27875,0
1711,0
12707,4
7102,4
10707,0
24259,0
2799,0
27749,0
21462,4
26360,0
18577,0
18158,4
15388,0
20803,4
15474,0
16166,0
30208,4
17436,0
23610,0
8770,0
18299,0
30353,0
13183,4
6522,0
27936,0
6769,0
1985,0
18574,4
14671,4
11929,4
5820,4
29923,4
20691,0
20711,0
16925,0
1727,0
3001,4
26970,4
25478,0
27531,0
12760,4
31043,0
27266,0
9939,0
29438,4
8320,0
7911,4
3139,0
3089,4
22814,4
22558,0
13568,0
28434,4
22523,0
21655,0
1139,4
15359,4
20202,4
11199,0
28251,0
15140,0
22866,0
12696,4
9931,4
5384,4
13537,0
23538,0
11603,4
17727,0
19766,4
21878,0
1102,4
30714,0
6027,4
9828,4
12554,4
26273,4
12942,0
21398,0
6157,4
1648,4
29349,4
22111,0
7562,0
14369,0
15582,0
30900,0
17562,0
5240,0
14636,0
18807,4
11063,0
23808,0
27484,0
17100,4
5956,4
16937,4
8720,0
22437,0
27389,0
8922,4
4336,0
23369,0
10439,0
16677,0
21026,0
19939,0
14532,0
20672,0
24444,0
22481,0
932,4
10684,0
19037,0
5470,4
988,4
9234,4
3371,0
6768,4
2269,0
23542,0
26423,0
21587,0
1098,0
1478,4
7088,0
26184,0
8078,0
6948,4
23981,0
18844,0
25613,4
28598,0
27278,0
21534,0
18368,0
22766,0
22572,4
20301,0
3474,4
2079,4
11391,4
28076,4
6996,0
20372,0
366,0
9938,4
8910,4
11881,4
12450,0
634,4
8906,0
12240,4
30761,0
5923,4
5045,0
509,4
21697,4
10580,0
15414,0
18335,0
27181,0
5629,0
24115,0
24525,0
5686,0
6870,0
15736,0
24530,0
8955,0
26242,4
25428,0
19089,4
19986,4
11639,4
7466,4
28074,4
24742,0
24014,0
20260,0
25191,0
23659,0
12527,4
5325,4
13194,0
27569,0
4773,4
30413,4
26521,0
6633,4
22639,0
6411,4
17512,0
2274,4
30650,4
21048,0
23667,0
6642,4
19239,4
16276,4
28132,0
4965,4
30932,0
14930,0
13965,0
12550,0
16038,0
30146,4
8325,0
12575,4
3267,4
5008,0
25119,0
21075,0
2382,4
11819,0
28444,0
24391,0
16877,4
17533,0
27425,0
15395,0
1180,4
25262,0
5981,4
20780,4
5931,4
30372,4
30393,4
7446,0
27691,0
10,0
2713,0
24559,0
14049,4
15445,0
23578,0
22494,0
11239,4
28154,4
1942,0
21241,0
17009,4
29538,0
19932,4
23246,0
17892,4
27167,0
30380,0
21937,0
23233,4
4110,0
25235,0
838,0
12754,4
19024,0
2466,4
13757,4
26028,4
25641,0
10687,0
25168,0
14839,0
27427,0
12416,4
29515,0
15500,0
5380,0
26333,0
23479,0
6121,0
13412,0
26747,0
12712,4
28187,0
10673,0
18539,0
7164,4
14513,0
22256,0
20308,0
19992,0
24976,4
27821,0
24254,0
11430,4
28113,0
29367,0
15256,0
26662,4
17521,0
5642,4
5536,0
1095,4
28745,4
4554,4
12519,4
22762,0
28918,0
15229,0
10301,0
22543,4
3025,4
24485,0
23801,0
23291,0
16552,4
29682,0
21931,0
1465,0
30424,4
2732,0
18117,4
11448,4
22063,0
22349,4
13622,4
15810,0
1374,0
9007,4
13020,4
6848,4
11467,4
11028,0
18228,4
7347,4
29334,4
20126,4
1359,4
12139,4
13745,0
10310,0
13924,0
23144,0
8961,0
22749,0
4298,0
11356,0
29149,4
14651,0
4440,4
17491,0
2478,0
6912,4
21352,0
10217,0
8802,4
20949,0
18222,4
29242,4
1409,0
18714,4
5726,0
19341,0
5152,4
15637,4
5988,4
28507,4
4788,0
21930,0
15882,0
6467,0
16529,4
28788,4
28382,4
5258,4
8752,4
27671,0
12445,4
31090,0
4350,4
3246,0
18375,4
3429,4
3120,0
16078,0
4588,0
20548,0
6872,4
16245,4
25237,0
22358,0
23207,0
8622,0
10481,0
19807,0
16018,0
5633,0
19287,4
13578,0
21135,4
14481,0
4327,0
26700,4
4906,4
3176,4
29810,4
3647,0
28699,0
258,0
12553,0
16010,0
22254,4
3155,0
12399,0
14337,0
30047,0
1559,4
19635,4
15680,4
477,4
5628,4
8445,0
13302,0
28428,4
10591,0
2487,4
14099,4
13719,4
4111,0
4323,0
15487,0
18016,4
17524,0
29854,0
17514,0
30521,0
30904,0
25019,0
13463,0
14531,0
25883,0
24226,0
17328,4
19680,4
24613,0
24016,0
3002,4
11310,4
29241,0
4379,0
3901,0
14709,4
7598,4
5388,4
18189,4
21904,0
13739,4
16157,4
26428,0
23174,0
20204,4
10794,0
17378,0
30263,4
28749,0
31192,4
2011,0
3153,4
17497,0
9265,0
20907,4
17017,4
1653,4
30548,4
11745,0
6223,4
7599,0
19461,4
8949,0
18520,0
30760,0
3386,0
4523,0
11040,0
11914,0
6536,0
30966,0
5091,0
6257,4
15681,0
7382,0
24812,0
8134,0
19603,0
17856,4
15916,4
12900,4
8611,0
5270,0
20402,0
24174,0
24302,0
13746,0
30284,0
13117,4
15839,4
31268,0
20444,0
5167,4
24816,4
8924,0
26668,0
25676,4
30941,0
6577,4
18236,4
2927,4
21249,0
19811,0
30299,0
2838,0
3146,4
23154,0
15999,0
20824,0
22300,0
27971,0
763,4
13989,0
9063,0
13714,0
5398,4
6445,0
16923,4
17133,4
702,0
5016,0
5437,0
13484,0
18585,0
3461,4
11079,0
24461,0
10062,4
3845,4
9564,4
28572,4
21770,0
20351,0
17901,4
19330,4
20744,0
21385,4
20315,0
21360,0
15508,0
14059,0
14812,0
28662,0
26012,0
1863,0
11344,4
8719,4
8795,0
31328,0
7239,0
1495,4
21428,4
4153,4
12181,0
30092,4
2286,0
12231,4
24747,0
16138,0
20377,0
5511,4
29578,4
16175,4
15194,0
17869,4
341,0
17903,4
3411,0
7711,0
15910,0
16978,4
19838,0
26400,4
25131,0
28484,4
22195,4
12023,0
5949,0
14371,4
28660,0
14685,0
796,4
4465,4
4332,4
27970,0
11354,0
20837,0
11829,4
3142,4
2750,4
13856,0
7638,4
16857,4
17823,0
30431,0
9155,0
4791,4
4549,4
9705,4
25803,0
20758,4
6896,0
2965,0
17848,4
385,0
19842,0
22312,0
27664,0
24803,0
12122,0
5448,4
24709,0
20670,0
1062,0
4838,0
4073,4
12304,4
19384,0
9510,4
27063,4
13608,0
2710,4
3881,4
18971,0
21714,0
2430,0
20130,4
5335,4
12759,4
1343,4
14366,4
2195,4
17341,0
15675,4
5360,0
7067,4
16178,0
26041,4
5996,0
19751,4
29840,0
11686,0
183,0
22637,0
12750,4
13918,0
8149,0
11084,0
21762,0
3392,0
4664,0
4635,4
175,0
8832,0
998,4
4695,0
8281,4
24281,4
7065,0
23457,0
18330,0
2531,0
26720,0
9404,4
5241,0
8908,4
26819,4
18120,0
21635,0
4524,4
3953,4
12496,4
9274,4
9432,4
28990,0
24633,4
13092,4
25272,0
3595,0
28369,0
17007,4
23896,4
11109,0
16376,4
610,0
18505,0
19979,4
13532,0
30137,0
14188,4
27746,0
3450,4
20328,0
5001,4
27324,0
1211,4
26113,0
12516,4
3585,0
14239,0
14470,0
18025,4
6687,0
655,4
211,0
22123,4
27371,0
5506,4
4091,0
399,0
4112,4
9631,4
5206,4
24260,0
10182,0
15601,0
28857,0
30125,0
21056,0
29817,4
13119,0
6142,4
23721,4
6541,0
19065,4
4774,4
12574,4
11029,0
15627,4
19028,0
13436,0
29357,4
18772,0
28733,4
15465,0
22610,0
1708,0
3335,0
22731,0
5733,0
3659,4
19559,0
13146,4
160,0
14261,0
25317,0
13106,4
14841,0
23131,0
23428,0
25392,4
15755,4
16049,0
21350,0
6403,4
18570,4
19542,4
11244,4
11280,4
24509,0
23855,4
6108,4
25503,4
27798,4
13702,0
25319,0
27350,0
16928,4
7428,0
20982,0
16228,4
13233,4
3517,4
7690,0
22148,4
24141,0
2082,4
6021,4
21468,0
31272,0
24433,0
16932,4
26443,0
2458,4
17419,0
8490,0
20171,4
22653,0
17150,4
2401,0
9997,0
4668,0
31067,0
16871,0
4061,0
7518,0
529,0
12590,4
24936,0
15241,4
15444,0
23728,4
15567,0
15272,0
16136,4
25383,4
5547,0
15862,4
23717,0
25530,4
15385,0
150,4
3186,0
6340,4
21045,0
2586,4
24837,0
30163,0
11129,0
11383,4
3194,4
25136,0
17950,4
12515,4
11089,0
18393,0
10385,0
17665,0
3387,0
8290,4
16302,4
22660,4
16123,0
7786,0
63,0
11418,4
29589,0
22259,0
2332,4
7517,0
31074,0
20553,4
24831,4
12650,4
17935,4
19572,0
15801,0
9982,4
14611,0
22714,0
13731,0
18090,4
17638,0
4840,0
9089,0
29876,0
30527,0
14215,0
6518,4
20932,4
19696,0
27106,4
27792,0
7199,4
17218,0
27585,0
940,0
22095,0
26399,4
18098,0
8421,4
17820,0
23599,0
26544,0
21078,0
20010,0
16416,4
5537,4
30501,4
18439,0
12167,0
26582,4
28520,4
19207,0
953,0
17883,0
23603,0
20520,0
22873,0
6517,0
12295,4
736,0
22361,4
585,0
31342,4
11355,4
4552,4
27041,4
24698,0
8743,4
12789,4
6512,4
24975,0
17417,0
6654,4
29144,4
18431,4
7438,0
13068,0
15115,0
29190,0
10849,0
2208,4
13860,4
5298,0
24526,0
21128,4
2387,4
1476,4
7776,0
13553,0
27787,4
3728,0
17205,0
12738,4
28738,0
9956,0
15050,0
30278,4
22388,0
12202,4
7167,4
20481,4
10105,0
17409,0
14011,4
7421,0
4509,4
15350,0
8070,4
14753,4
647,4
11737,0
14622,0
6795,4
30147,0
6181,4
17650,0
6200,4
31082,0
1757,4
24303,0
4848,0
23581,4
25792,0
23076,0
18007,4
8043,0
20091,4
5322,4
15787,4
1307,4
2217,4
23776,0
20735,0
8809,4
15418,4
24818,0
20715,0
29283,4
21118,4
31254,4
9838,0
31137,0
23807,0
20143,4
21991,4
4416,4
29649,0
866,4
21735,0
8019,0
20509,0
6599,0
11460,4
26315,0
4676,4
30024,0
20952,0
11012,4
21213,4
9094,0
17631,0
26628,0
19967,4
10473,0
16721,4
5978,4
14804,0
3294,0
29428,4
25501,0
13076,0
7561,0
16410,4
19121,4
4452,4
1487,0
26604,4
14374,0
670,4
22197,4
26139,4
5589,4
10034,4
13642,0
28819,0
29406,4
12812,0
5952,0
21293,4
28285,0
23613,0
16750,4
26513,4
1531,4
27421,0
30455,4
24978,4
10901,0
2110,0
29738,0
25448,0
25931,0
27359,0
3584,0
12600,4
30946,4
29590,0
29014,4
11854,4
272,0
4316,4
9332,4
26658,0
19078,4
8405,4
10147,0
6325,4
26044,4
18837,0
4476,4
21042,0
22231,0
27483,0
22370,0
19195,0
25167,0
25588,4
9966,0
3047,4
3756,4
29543,4
7768,0
2939,0
1854,0
6017,4
22697,0
20741,0
16678,4
7106,0
11112,0
13476,4
27716,0
1946,0
20175,4
31131,4
17919,4
25536,0
13976,4
6836,0
10596,0
6817,4
9434,0
29940,4
7986,0
20319,0
19325,0
23790,4
13639,0
22354,0
3065,4
6198,0
5141,0
7792,0
19428,0
1284,4
31054,0
24096,0
5305,4
14336,0
6270,0
17850,4
26777,4
25371,0
11980,4
12247,0
22420,0
3910,4
4517,0
7385,0
15763,4
5918,4
25043,0
28070,0
24044,0
4850,4
4681,4
2791,0
26262,4
12289,4
6321,0
7182,0
24370,4
6263,4
14940,4
17722,4
1862,4
8637,0
13007,4
3800,4
15091,0
17715,4
13597,0
21004,0
25029,4
13710,0
6394,4
12659,4
11787,0
25849,4
16943,4
29293,4
1989,0
19619,4
1792,4
21834,0
28064,4
1551,4
17808,4
10546,0
13453,0
9289,4
17775,0
22514,0
6332,4
8649,4
5114,0
1120,4
27310,0
12901,4
29455,0
13606,0
2105,0
29212,4
30087,0
20756,4
7740,0
31104,0
30026,0
21295,0
2699,0
15605,0
476,0
19376,4
62,0
4157,0
2137,0
10472,0
29036,0
1682,0
10120,0
14488,0
24018,0
8932,4
23548,4
19031,0
25796,4
14423,0
28498,0
3093,4
24308,0
28687,0
11221,0
4887,0
19507,4
30806,0
24750,0
11182,0
6134,0
22492,0
21548,0
26864,4
3746,0
10440,0
12305,4
8605,4
5737,4
13901,0
8527,0
29029,0
27783,0
1676,4
6269,4
23699,0
22503,0
23720,4
27788,4
15289,0
7952,0
21397,0
28717,4
8632,0
9751,4
11208,0
2540,4
15287,0
16846,4
302,0
8454,0
5527,0
10175,0
10574,0
22899,4
11486,4
21550,0
28053,0
3084,0
20407,0
28702,0
15094,0
30473,4
28373,4
6079,4
13028,4
26760,0
561,0
3259,4
26457,0
9379,4
14195,0
9421,4
6528,4
28855,4
4930,4
11156,0
20512,0
21465,0
24298,0
4900,0
25398,4
16434,4
12957,0
27286,0
18237,4
13760,0
26956,4
30748,0
11567,4
13915,0
18730,0
30617,4
5725,4
7071,0
1408,0
23762,4
4057,0
17844,4
30178,4
19474,4
8905,4
17274,0
22744,0
26477,4
30383,0
11726,4
10038,4
30568,0
5627,0
20722,0
22114,0
27069,4
23471,0
23281,0
2712,4
11861,4
11139,0
5374,4
13724,0
24589,0
23374,0
15849,0
5476,0
12200,0
10738,0
26557,0
23143,4
29114,0
25852,0
26095,4
3598,4
4835,0
3098,4
27782,0
15521,4
25052,0
14222,0
9936,0
1684,4
25582,4
17509,4
1892,0
21663,0
5778,4
1924,4
24275,0
6050,0
4113,0
16646,0
9405,0
4634,4
2823,4
15435,4
15494,0
7496,0
3833,4
8650,4
14820,0
11742,4
12400,0
31350,4
10818,0
22875,0
7272,4
2199,4
7963,0
4888,0
31031,0
29953,4
1131,4
23888,0
25928,0
22654,0
30623,4
10464,0
19054,0
29262,4
23909,0
21923,0
24123,0
8057,0
13266,0
11832,4
17389,0
22849,0
11263,0
16222,4
9010,4
13295,0
10963,0
5883,4
10019,4
13628,0
12952,4
25001,0
762,4
20104,4
7618,0
18056,0
17774,4
17617,0
1350,4
9757,4
9624,4
10333,0
18507,4
1859,4
1163,0
18323,0
24661,0
21608,4
4670,4
16322,4
22962,0
23649,0
25722,0
17732,4
16939,4
23221,0
2680,4
20505,0
18668,4
23267,0
22091,0
9957,0
28780,0
20364,0
19045,4
6057,0
5833,4
29577,0
12768,4
8447,0
94,0
15711,4
21308,0
7522,0
24207,4
1501,4
11098,4
30009,4
26015,0
21334,0
4786,4
608,0
12996,4
4602,4
14223,0
30167,4
17211,4
8209,0
1580,4
18760,0
17909,4
9976,4
4221,4
29865,0
26452,4
19993,0
27864,0
3576,0
17405,0
23889,0
3907,4
323,0
15865,0
31166,0
17481,0
13127,0
29391,0
3569,0
17269,0
19043,4
9531,0
12256,4
4104,0
6093,4
6752,4
28534,0
16109,0
9764,4
23927,0
14118,0
14263,0
614,4
22546,0
12326,0
6729,0
24230,0
12678,4
9807,4
27879,0
9093,0
19366,4
16275,4
4525,4
31045,0
28579,4
27823,0
16408,4
11414,0
14864,0
10028,4
30220,4
23824,0
16504,4
13289,4
9724,4
29875,0
25302,0
11591,0
23745,0
12468,4
15534,0
3129,4
18040,4
20250,0
25000,0
30336,0
1459,0
24149,4
7016,0
12155,4
7982,0
13554,0
20246,0
26922,4
26672,0
11975,4
12671,0
28102,4
7980,0
14070,0
16050,0
20752,0
17158,4
11746,4
25115,0
26111,0
946,4
8376,0
22704,0
7835,0
24793,4
1316,4
28535,0
23761,0
19122,4
20277,0
11870,0
5752,4
20625,0
9039,4
30032,0
26368,4
22006,0
1622,4
2535,0
17974,0
1128,4
24954,4
16396,4
22963,0
26404,4
13946,0
19628,4
23100,4
11215,4
795,4
7455,4
2656,0
21266,4
18033,4
19198,4
15607,0
10338,0
17337,0
23595,4
15833,0
8717,0
2160,0
21528,0
25851,4
27148,4
18899,0
589,0
17912,4
24291,0
27605,0
27294,0
19369,4
27512,0
5348,4
25024,0
2383,0
3654,0
13997,4
15771,0
2166,4
23644,0
29813,4
11296,4
23102,0
30835,0
4192,0
3556,0
15168,0
11018,0
3359,0
17031,4
3786,4
30812,0
4358,4
11919,4
16526,0
19850,4
16446,0
10166,4
5798,0
15792,4
16996,0
4685,4
17526,0
3268,4
8140,0
24142,0
26581,0
31034,0
9282,4
1124,0
23747,0
14386,0
23787,0
19685,4
31356,0
2819,4
416,0
1526,4
8810,4
8740,4
22855,4
19773,0
18287,0
12612,4
31124,0
29035,4
28037,0
21641,0
6904,4
22216,4
12191,4
31417,0
22506,0
10713,0
6453,0
19390,0
18073,0
28496,4
596,4
5869,4
14909,0
20254,4
16145,0
2664,0
23423,0
30399,4
16201,4
20853,0
5747,4
30268,4
624,0
7433,0
26137,0
25862,4
2064,0
25779,0
17005,4
10476,0
10358,0
18147,4
12052,4
2365,4
24441,0
11815,4
11782,4
17137,4
20525,4
27706,0
2964,0
27201,0
25667,4
11023,0
7784,4
8423,0
8776,0
21585,0
23980,0
14941,4
21499,4
6178,4
16425,4
30168,4
9620,4
16900,4
16458,0
17763,0
30716,0
29958,4
14572,0
1295,0
3325,0
10016,0
27800,4
1300,4
25535,4
5276,0
2956,0
9147,4
16369,4
781,0
8213,4
30643,0
21460,0
28039,4
12934,4
7983,0
31122,0
20325,0
19157,4
7634,0
22112,0
20768,0
8392,4
29805,0
18317,0
22774,0
26052,4
15221,0
12785,4
23133,4
18900,0
29451,0
20083,4
14377,0
25213,0
2460,4
27988,0
14517,0
23648,0
29150,4
29882,4
8023,0
15167,4
23560,4
23531,0
4861,4
23409,0
18884,4
18821,4
26077,4
29230,4
2428,0
15998,0
26697,0
13241,4
25205,0
6449,0
14126,0
26388,4
1377,0
29282,4
9571,4
21246,0
30227,4
28827,4
29861,0
15144,0
23472,0
27198,0
8007,4
9137,4
10065,0
22032,0
17332,4
10334,0
20646,0
18572,0
5857,4
13413,0
21405,0
16071,0
16080,0
29066,0
11514,4
29781,4
4505,4
8270,4
26294,4
10433,0
22083,0
22406,0
22798,0
1213,4
27449,0
8133,0
10879,0
13160,0
26330,0
2800,4
4171,4
11493,4
30718,0
17282,4
1643,4
11932,4
19049,0
6664,4
18910,0
5721,4
29658,4
2948,0
11097,0
579,4
14730,0
7449,4
5749,4
28338,0
18770,4
27607,0
31243,4
25948,0
31115,0
4577,0
14931,0
18108,4
11285,4
20858,4
396,0
28359,4
14242,0
21471,0
1060,4
19621,0
2905,0
436,0
8829,0
23683,4
23420,0
12389,4
14098,0
2921,4
10267,0
13704,0
27533,0
17707,4
3362,0
21314,0
11438,4
30875,0
21567,0
30901,0
27241,0
27081,4
11585,4
31281,0
18077,4
22599,0
6738,4
6737,0
8874,4
19305,4
8432,0
15747,0
11837,0
26806,4
25282,0
5337,4
18866,0
28198,0
9000,4
11481,0
715,0
4407,4
3347,0
23123,0
15100,0
20075,4
21032,0
29790,0
8437,0
26418,0
16556,4
29741,4
2247,4
16887,0
12284,4
21129,0
9243,0
27640,0
19150,4
1400,4
11730,4
28677,0
13621,0
9836,0
15238,4
24508,0
6925,0
13032,4
1191,0
5658,4
26215,0
27719,4
24258,0
19152,4
20676,0
13624,0
14644,0
16095,4
10494,0
12163,0
3013,0
4655,0
14678,0
18456,0
28015,4
9635,4
13342,0
30801,0
2944,4
17254,0
17842,0
28620,4
17410,0
1599,4
24955,4
23145,0
4947,4
680,4
9849,4
8925,0
16538,0
6335,4
24537,0
30059,4
22309,0
5529,0
24710,0
12216,4
6703,4
964,4
28370,4
19834,4
5395,0
11599,4
901,4
7386,0
3682,0
19673,4
11845,0
18111,4
14161,0
17462,0
25560,4
19360,4
1358,4
11013,0
18584,0
22647,0
16129,0
8601,0
15781,0
9560,4
6114,4
19727,4
21289,4
1997,0
483,0
212,0
2467,4
239,0
11130,0
25403,0
25114,0
30409,4
27472,0
24343,0
7526,0
31441,0
16110,0
10754,0
27152,4
17493,4
22888,0
10263,4
9023,4
17434,0
13705,0
10605,0
14304,0
30838,0
31220,0
2695,0
30694,4
3980,4
14271,0
28868,0
1756,4
27111,4
24986,0
14434,0
2763,0
14610,0
1017,0
12141,4
22563,0
29838,0
25279,0
25148,0
1914,4
10553,0
23304,0
25353,0
21850,0
7893,4
19835,0
23139,4
30039,4
18747,0
15452,4
19446,4
15104,0
29446,4
21170,4
23655,0
26574,0
20245,0
3111,4
25341,4
24991,4
4030,4
19164,0
27194,0
1839,0
22178,0
24392,0
18230,4
10418,0
12259,4
13792,0
6679,4
30751,0
7073,0
19081,4
18534,0
22206,0
27539,0
4611,4
10293,0
8663,0
8627,0
2377,4
7301,4
15847,0
92,0
2646,4
26718,0
11676,4
3758,4
17112,4
142,0
30322,0
3487,4
4313,0
27728,0
7951,4
30080,4
29674,0
6482,0
12001,0
11627,0
9993,0
12232,4
3071,4
20324,0
17697,0
12670,0
18850,0
25364,0
12204,4
3514,0
21583,0
10052,0
1326,4
22333,0
11039,0
3605,0
17433,0
1958,0
388,0
22721,0
25346,0
20790,4
28056,0
27072,4
6457,4
5419,0
11575,4
20967,0
10964,0
491,4
22059,0
6454,4
27550,0
30224,4
28926,0
11392,4
27699,0
31114,4
6291,0
20247,4
29079,4
8310,0
12931,4
13219,4
11137,0
13003,4
25054,0
24300,0
18338,0
646,0
23450,0
14001,4
29517,0
18276,4
11135,0
16824,4
18901,0
25164,0
15105,0
17438,0
19242,4
26397,0
26446,0
24126,0
2369,4
6348,0
3721,4
6161,0
15232,4
8289,0
7500,4
9904,4
6764,4
14684,0
15373,0
24031,0
11402,4
27985,0
24314,0
8017,4
21935,0
1905,0
5170,4
11663,0
13774,0
18476,0
26936,4
20832,0
8584,4
29918,0
9616,0
9667,4
3351,0
17144,4
5763,4
22606,0
7173,4
1035,4
14139,0
17777,0
18972,0
29488,4
26158,4
2255,4
23072,4
10300,0
6274,4
5499,4
9576,4
26812,4
12068,4
14777,0
9343,0
159,0
12127,4
12464,0
25049,0
29156,4
20141,4
23132,0
22699,0
6906,0
17435,0
30965,0
11645,0
8404,0
8708,0
4205,0
13905,0
3372,0
484,0
29656,4
16332,0
30176,4
26282,0
14901,0
17939,4
6494,4
22589,4
29657,0
12608,0
28908,0
9943,4
11154,0
31142,0
1672,4
12094,4
7128,4
5645,0
12331,0
16868,4
19084,4
7197,4
27146,4
19454,4
15199,0
11588,4
9641,0
15309,4
26782,4
18352,0
30999,4
23959,0
17955,4
2381,0
18326,0
7289,0
24435,0
27039,4
5067,0
8182,0
147,0
27496,0
14468,0
19334,0
24372,4
13049,4
10087,0
332,0
6168,4
28573,0
9609,0
25264,0
7208,4
15899,0
23321,4
17778,0
25246,0
3059,0
19866,4
1998,0
25886,0
22680,0
6090,4
7777,0
5175,0
17451,0
13876,0
4037,4
22932,0
22929,4
14284,0
31223,0
812,0
3766,4
8452,0
7524,0
22039,0
16350,4
10693,0
13854,0
17826,0
16950,4
22720,0
30661,0
2665,0
15855,0
26696,0
22490,0
22588,0
26060,4
16353,0
8683,4
21796,0
25440,4
23828,0
10937,0
28971,0
18346,4
17745,0
17852,0
28089,0
23348,0
21197,0
3897,4
20638,0
9815,4
18039,4
1957,0
11254,0
25201,0
24768,0
2007,0
7139,4
28867,0
22862,0
774,0
11712,4
22529,0
17687,0
15662,0
20223,4
19902,4
23034,0
25059,0
30457,4
17682,0
20022,4
5105,4
25314,0
30885,4
20380,0
8730,0
1969,0
21406,4
14444,0
29956,4
12668,0
31436,4
20399,0
20755,0
24717,0
29468,0
14251,0
1192,0
14972,0
21927,0
12490,4
7074,0
14262,0
9809,4
16384,0
25080,0
8845,4
13623,0
17584,0
13491,4
25838,4
20989,4
2421,4
3293,4
13267,0
12142,4
16993,4
426,0
9723,4
7489,0
20675,0
12355,4
9599,0
15327,0
9083,0
4951,4
7265,0
9626,0
16188,0
21872,4
27078,4
24098,0
5473,4
26375,0
2957,0
8197,0
2978,4
4300,0
7122,4
7457,0
23148,4
1301,0
13426,0
18186,4
19760,0
27679,0
766,0
11559,4
27397,0
17061,4
15575,0
13201,4
31426,0
19383,4
9713,0
12811,4
18589,0
6437,4
13293,0
20563,0
3250,0
29960,0
3340,0
24927,0
17096,4
11297,0
10040,4
7046,0
22668,0
13514,4
13889,0
19625,4
20082,4
17087,4
28240,4
18083,4
9529,4
10706,0
14291,0
28922,0
21648,0
22169,0
7822,0
10525,0
1868,4
20088,4
31110,0
15878,0
20100,4
25416,0
921,4
4257,0
29932,4
20862,0
1563,4
12752,4
20601,0
15767,0
21739,0
6701,4
24453,0
8519,4
23118,0
16054,0
29333,4
20087,4
1660,4
6828,4
3123,0
2219,0
1788,4
19652,4
20822,4
30883,4
10032,4
24363,0
23817,0
22832,4
18722,0
22159,4
12674,4
20113,0
513,4
26124,0
13539,0
5408,4
5919,4
5588,4
8102,4
14620,0
431,0
18014,4
19023,0
30515,4
270,0
16401,4
17905,4
4309,0
1736,0
29039,0
31030,0
24751,0
29847,0
1231,4
28082,0
12611,4
27338,0
26954,0
26249,4
30839,0
22270,0
13457,0
7584,0
19317,4
27976,4
7815,4
17821,0
15667,4
25120,0
13572,0
17299,4
18266,0
22845,0
20492,0
11546,4
9961,4
895,4
14348,0
15000,0
22961,0
5133,0
31099,0
5453,0
25276,0
12050,0
13326,0
23982,0
29617,4
12822,0
7509,0
12037,4
13590,0
9952,4
26140,0
11269,0
7934,4
26202,4
6301,4
25964,0
223,0
24562,0
850,0
12661,4
8440,4
14017,0
2816,0
559,4
1742,0
9837,4
29886,0
10072,4
24654,0
13694,0
19575,4
19598,4
401,0
20423,0
12772,4
16182,4
16014,4
12698,4
24653,0
9281,4
24125,0
31217,0
30753,0
20917,0
30499,0
14957,0
544,0
29921,0
5793,4
18182,0
14379,0
1570,0
29034,0
1243,4
12492,4
26857,4
3905,4
29057,0
8277,0
11335,4
17688,4
13450,0
9935,4
4340,0
12672,4
15310,0
13364,0
14046,0
13403,0
30061,0
12679,4
3555,0
9556,0
3206,0
23708,0
17383,0
27602,0
27535,0
20724,0
16345,0
5049,4
27953,0
9427,0
23245,0
22258,4
3230,4
13842,0
15779,4
12506,4
21371,4
28041,0
18746,0
20774,4
7089,0
12116,4
26750,0
17760,4
8735,4
22887,4
470,0
5115,4
22556,0
17993,0
4308,0
22077,0
2086,4
13380,0
18853,0
23956,0
1831,4
13737,0
14189,0
14788,0
29559,4
6748,4
26454,0
13168,4
20893,0
12779,4
11558,4
1353,4
31344,0
23507,0
18325,4
3358,0
16130,0
5312,0
24039,0
23534,0
22069,0
14438,0
9210,4
18307,0
2653,4
5046,4
7095,0
14694,0
15809,0
31320,0
27519,0
9854,4
11786,4
18880,4
13197,4
23935,0
16828,4
5273,4
18710,4
9301,4
20482,4
5671,4
1446,4
13675,4
8792,0
7212,4
21915,0
13637,0
2898,4
4051,4
19300,0
16841,4
27351,4
29845,0
20390,0
31228,0
22614,0
17923,4
24469,0
11405,4
14285,0
21968,0
25678,4
24860,0
346,4
17175,4
28447,0
5929,4
8783,4
24675,0
2867,0
27595,0
3295,4
5681,4
5822,0
9694,4
3796,0
1822,0
6047,4
25539,0
17815,0
4826,0
10325,0
13077,4
5653,4
8278,0
13690,0
27677,0
3344,0
13051,0
24723,0
19862,4
1133,4
16927,4
771,0
2852,4
29943,0
13736,0
17258,4
7458,4
11699,0
23668,0
3140,4
3269,4
11120,0
25511,0
27923,0
24712,4
28432,4
18193,0
26687,0
18106,0
1107,4
31102,0
9683,0
18382,0
7692,0
14705,0
19925,0
271,0
27297,0
4318,0
3273,0
7350,4
13877,0
19793,0
5839,4
9041,0
2621,0
10847,0
22045,0
12081,4
2986,0
11858,4
11051,0
20849,0
6439,4
21637,4
28140,4
13775,0
13147,4
31206,4
12057,4
9279,4
21759,0
3107,0
26799,4
26896,4
1007,0
23875,0
3185,0
27400,4
28259,4
27154,4
4730,0
25713,0
11132,4
14552,0
15480,0
7391,0
14413,4
4067,0
3740,4
28234,0
22016,4
16414,4
19039,4
27604,0
6479,4
14250,0
26296,0
14052,4
22757,0
10743,0
28213,0
30213,4
22019,4
20228,4
9628,4
29309,0
29202,4
22243,0
21573,4
29643,0
7971,0
5264,0
29350,4
30082,4
23734,0
5051,0
30195,4
28142,0
25884,4
23330,0
13137,4
23456,0
25680,4
12236,4
2821,4
13545,0
1470,4
30071,0
9706,4
20064,0
16867,4
26731,0
15482,4
10169,0
24628,4
18764,0
27129,4
17519,4
8202,4
6378,4
25075,0
7246,4
5436,4
5783,4
6811,4
8068,0
14235,4
30041,4
9735,0
10142,0
24800,4
16388,4
13125,4
8790,0
25134,0
3862,4
6159,0
1866,4
29024,4
20450,0
20767,4
10285,0
4742,4
27606,0
22507,0
16972,0
11882,4
12125,4
3114,0
26430,0
22212,0
3588,4
8762,0
28407,0
3575,0
9550,4
1492,4
23283,0
284,0
24683,0
676,0
10253,0
13268,0
5745,0
12493,4
3419,4
21601,0
25494,0
23902,0
26542,0
15013,0
21700,0
24346,0
11195,0
30091,4
11549,4
4004,4
25697,4
14778,0
2293,0
30836,0
25451,0
12074,4
18926,0
26759,0
14179,0
25927,4
28583,0
5299,4
13523,0
25253,0
5619,4
27542,4
10181,0
1066,0
5708,4
10855,4
23038,0
23869,0
9035,0
28352,0
7826,0
21020,4
21364,4
21627,0
28279,0
2211,4
5660,0
5017,4
31233,4
22935,0
1809,0
754,4
3041,4
30020,4
12781,4
4858,4
12980,4
108,0
19825,0
1794,4
10346,0
25402,4
362,0
8714,0
10273,0
27921,0
18168,4
13517,0
20136,4
26493,0
20037,0
20901,4
2273,4
25916,4
22756,0
20764,4
19990,4
13995,0
9630,0
28974,4
13478,0
29973,0
20939,0
11411,4
25873,0
3458,4
8143,4
13661,0
21620,0
25946,4
30736,0
12029,4
20923,0
19415,0
244,0
8420,0
856,0
27365,0
24330,0
13784,0
30081,0
15535,0
11324,0
13066,4
2167,0
3941,4
7097,0
16435,0
25866,4
31212,0
15374,0
31020,0
23723,0
14003,0
21137,0
27322,4
20438,4
990,4
7204,4
23978,0
4873,4
30255,4
17930,0
7103,0
19206,4
3242,4
15848,0
8085,0
25095,0
19830,4
16520,4
8176,0
15286,0
26127,0
9030,0
7408,0
4275,0
23033,4
28231,0
15090,4
13113,4
8035,0
19716,4
7157,4
865,0
473,0
9907,0
17603,0
22213,0
5030,0
18605,0
17109,4
15469,4
16842,4
6526,0
14113,0
30471,0
1520,4
7573,4
27346,0
22607,4
23868,0
7997,0
2993,4
21085,0
17408,0
11426,0
8934,0
742,4
24071,0
4214,4
12956,0
21713,0
26710,0
17260,4
29197,0
10537,0
26099,4
4185,4
18833,0
727,4
5698,4
20217,4
11262,4
25668,4
23171,0
2397,4
10461,0
13130,4
9639,0
28659,0
21639,0
28000,4
15492,4
2690,0
4898,0
5444,0
6579,4
26803,0
21861,0
2949,4
28429,4
16443,4
22700,0
27591,0
19888,4
22158,4
23861,0
6798,0
17834,0
14138,0
19006,0
27434,0
21785,0
13356,0
29214,4
17488,4
28232,0
3850,4
1357,0
938,4
31322,4
13729,0
3258,4
20342,0
7165,4
5103,0
9579,4
12829,4
26664,0
29351,0
12437,0
11766,4
25699,0
25918,4
7957,4
30265,4
21144,0
5891,4
15103,0
10798,0
15217,0
16692,4
4494,0
807,4
12028,4
11225,0
931,4
8280,0
27195,4
9777,0
30252,4
27362,0
8599,0
29416,0
1396,4
20913,4
28527,0
20404,0
24111,0
20017,4
16625,4
5838,0
30487,0
30007,4
8915,0
6868,4
14780,0
28839,4
23297,0
20281,4
23013,0
5238,0
16451,0
31130,0
26363,0
2493,4
7230,0
3149,4
7162,4
29833,4
9728,4
21274,0
14199,0
28299,0
31429,0
3257,0
10158,0
24623,4
2564,4
19100,0
14826,0
22604,0
23280,0
25304,4
7537,0
25396,4
23394,0
11963,4
6936,4
8801,4
7576,0
8504,0
11896,4
17123,0
1785,0
14333,0
1644,0
26764,0
29457,0
28117,4
26101,0
29402,4
8747,4
19778,4
30448,4
28657,0
17536,4
4002,0
18895,0
29315,4
10009,4
21996,0
9407,0
7435,0
13541,0
7228,0
616,0
22671,0
9482,4
28110,4
12635,4
4148,0
13169,4
16118,4
13910,4
3536,4
6610,4
6487,4
29485,0
10218,0
433,0
10947,4
14166,4
27376,0
16951,0
11246,0
20248,0
11164,0
16304,4
1848,4
5620,0
10264,0
6177,0
10654,0
17931,4
10106,0
927,0
9622,0
28363,0
20955,0
15911,4
29136,4
15756,0
26692,0
18166,4
15219,0
30465,0
13255,4
24808,4
18211,4
26874,4
18836,0
10985,0
3288,0
23465,0
30257,4
18976,0
4430,0
3913,0
437,0
29358,4
1030,4
20663,0
18354,0
25211,0
7533,0
23114,0
18370,0
15984,0
2256,4
22389,0
24608,0
6744,0
31051,0
18552,0
31316,0
16986,0
9686,4
18464,0
4169,4
24085,0
6406,4
3507,0
11682,4
26254,4
29341,0
2597,4
27943,4
21595,0
227,4
673,0
